galaxy,radius_kpc,delta_v2,delta_sign,vobs,vbar,W,r_norm,radial_bin
CamB,0.16,-13.562,negative,1.99,4.185940754478018,-0.7739939847392721,0.0893854748603352,core
CamB,0.41,-84.2329,negative,4.84,10.375861410022784,-0.7824082631654723,0.22905027932960892,inner_disk
CamB,0.57,-123.6656,negative,6.79,13.02957021547526,-0.7284315163424332,0.3184357541899441,inner_disk
CamB,0.73,-155.39440000000002,negative,8.87,15.299388876683931,-0.6638763487877413,0.4078212290502793,mid_disk
CamB,0.9,-160.60290000000003,negative,10.9,16.715648357153245,-0.5747869908654899,0.5027932960893855,mid_disk
CamB,1.06,-137.0812,negative,12.9,17.420998823259247,-0.45168097130987644,0.5921787709497207,mid_disk
CamB,1.22,-86.87170000000003,negative,14.7,17.405795012006777,-0.28674152541393855,0.6815642458100558,outer_disk
CamB,1.47,-35.85640000000001,negative,16.8,17.835257217096704,-0.1127218038305369,0.8212290502793296,edge
CamB,1.79,133.95380000000006,positive,20.1,16.433386747715762,0.49602193913711307,1.0,edge
D512-2,0.96,287.2411,positive,22.9,15.40028895832802,1.2111246457693234,0.2506527415143603,inner_disk
D512-2,1.92,633.8724,positive,33.5,22.09926695616848,1.297914564468149,0.5013054830287206,mid_disk
D512-2,2.88,905.6239000000004,positive,37.2,21.86815264259878,1.8937545180933901,0.7519582245430809,outer_disk
D512-2,3.83,820.1555000000001,positive,35.9,21.64842950423887,1.7500216044015369,1.0,edge
D564-8,0.51,20.441099999999985,positive,8.54,7.245032781154272,0.3894247530505517,0.16612377850162868,core
D564-8,1.02,124.6055,positive,15.1,10.168800322555262,1.2050297617608519,0.33224755700325737,inner_disk
D564-8,1.53,269.21630000000005,positive,19.8,11.082585438425458,2.1918921185406406,0.49837133550488605,mid_disk
D564-8,2.04,355.9879,positive,21.9,11.118547567016115,2.8796461150554804,0.6644951140065147,outer_disk
D564-8,2.56,459.5486,positive,24.0,10.791264986089445,3.9462694308526984,0.8338762214983714,edge
D564-8,3.07,516.9159,positive,25.0,10.39635032114636,4.782534156272754,1.0,edge
D631-7,0.45,-99.632,negative,8.41,13.052206709978202,-0.5848317769242916,0.06258692628650904,core
D631-7,0.9,-106.55049999999994,negative,17.8,20.57645499108143,-0.2516601104653977,0.12517385257301808,core
D631-7,1.35,-33.86760000000004,negative,26.0,26.643340631384795,-0.047709741929340126,0.18776077885952713,core
D631-7,1.8,147.6947,positive,30.9,28.40977472631559,0.18299083166927949,0.25034770514603616,inner_disk
D631-7,2.25,411.2736000000002,positive,34.7,28.156995578363823,0.5187501166726626,0.3129346314325452,inner_disk
D631-7,2.69,728.7302999999998,positive,38.8,27.86951201582116,0.9382273711787039,0.3741307371349096,inner_disk
D631-7,3.14,1075.1475,positive,42.5,27.03890715247197,1.4705838100676718,0.43671766342141866,mid_disk
D631-7,3.59,1388.2455000000002,positive,45.6,26.28905665861748,2.008705503936034,0.4993045897079276,mid_disk
D631-7,4.04,1729.8586999999998,positive,48.8,25.52609057415569,2.654862409341705,0.5618915159944367,mid_disk
D631-7,4.49,2077.2699,positive,51.8,24.61645994045448,3.428007256463643,0.6244784422809457,outer_disk
D631-7,4.94,2437.2766999999994,positive,54.8,23.785779364990336,4.307944152616472,0.6870653685674548,outer_disk
D631-7,5.39,2678.5728,positive,56.6,22.91259915417716,5.102167824282194,0.7496522948539638,outer_disk
D631-7,5.84,2922.495,positive,58.4,22.092193191261025,5.9879216907584025,0.8122392211404729,edge
D631-7,6.29,2968.4026000000003,positive,58.5,21.303694515271285,6.540530142951137,0.8748261474269818,edge
D631-7,6.74,2906.4560000000006,positive,57.7,20.562927807099843,6.8737518742579855,0.9374130737134909,edge
D631-7,7.19,2889.2626999999998,positive,57.3,19.850120906432785,7.332645986712088,1.0,edge
DDO064,0.1,34.445600000000006,positive,6.29,2.262410219213129,6.729627820650585,0.03355704697986577,core
DDO064,0.3,147.39140000000003,positive,13.9,6.768943787622999,3.216846433544457,0.10067114093959731,core
DDO064,0.49,149.4415,positive,15.6,9.691155761827378,1.5911827808152814,0.16442953020134227,core
DDO064,0.69,138.59349999999995,positive,18.4,14.140951170271396,0.6930835915015764,0.2315436241610738,inner_disk
DDO064,0.89,272.9275,positive,22.5,15.274897708331798,1.1697435952383504,0.2986577181208054,inner_disk
DDO064,1.09,408.261,positive,26.5,17.146107429967888,1.3886948151121303,0.36577181208053694,inner_disk
DDO064,1.29,859.1102999999997,positive,35.3,19.67179961264348,2.2200397075092035,0.4328859060402685,mid_disk
DDO064,1.48,1118.39,positive,40.5,22.84425529536912,2.143084352125091,0.4966442953020134,mid_disk
DDO064,1.68,1323.6780000000003,positive,44.2,25.09904380648793,2.1012029297005217,0.5637583892617449,mid_disk
DDO064,1.88,1432.0927999999997,positive,46.3,26.6757792763398,2.012504827169078,0.6308724832214765,outer_disk
DDO064,2.08,1402.4204,positive,46.4,27.395977806970134,1.8685495075809455,0.697986577181208,outer_disk
DDO064,2.27,1384.5481999999995,positive,46.3,27.55252801468497,1.823833439286309,0.761744966442953,outer_disk
DDO064,2.37,1382.6798,positive,46.4,27.75392224533318,1.7950348457613217,0.7953020134228188,outer_disk
DDO064,2.98,1411.9169999999997,positive,46.9,28.065868951450625,1.7924711784921274,1.0,edge
DDO154,0.49,24.916300000000007,positive,13.8,12.865601423952167,0.1505301053565139,0.08277027027027027,core
DDO154,0.99,199.20590000000004,positive,21.6,16.350966332299752,0.7451013468654494,0.16722972972972974,core
DDO154,1.48,549.3506,positive,28.9,16.907377088123397,1.9217510426454403,0.25,inner_disk
DDO154,1.97,865.8959999999997,positive,34.3,17.623677255328978,2.7878709826976693,0.3327702702702703,inner_disk
DDO154,2.47,1137.4547000000002,positive,38.2,17.938375065763342,3.5348249282984656,0.41722972972972977,mid_disk
DDO154,2.96,1417.6544,positive,42.0,18.61036270468687,4.093178605416092,0.5,mid_disk
DDO154,3.46,1609.3431,positive,44.6,19.48889170784219,4.237155060767438,0.5844594594594594,mid_disk
DDO154,3.95,1762.5489999999995,positive,46.3,19.52283278625313,4.624401468223043,0.6672297297297297,outer_disk
DDO154,4.44,1888.0655,positive,47.4,18.93923176900267,5.2637146652652875,0.7500000000000001,outer_disk
DDO154,4.94,1989.1430000000005,positive,48.2,18.27832049177385,5.9537888696995225,0.8344594594594595,edge
DDO154,5.43,1938.8191,positive,47.4,17.548244926487662,6.296075318348423,0.9172297297297297,edge
DDO154,5.92,1786.4528,positive,45.5,16.8462814888034,6.294821795281981,1.0,edge
DDO161,0.6,50.9795,positive,16.0,14.318536936433135,0.2486556222426538,0.04487658937920718,core
DDO161,0.73,7.417200000000093,positive,16.6,16.375066412079065,0.02766138042863763,0.054599850411368736,core
DDO161,0.85,26.2971,positive,18.6,17.879119105817267,0.0822650986398484,0.06357516828721017,core
DDO161,0.98,1.2703000000000202,positive,20.0,19.96821724641436,0.003185867518772795,0.07329842931937174,core
DDO161,1.07,5.866199999999878,positive,21.4,21.26249750146958,0.012975625854634321,0.08002991772625281,core
DDO161,1.54,100.0079999999998,positive,28.9,27.1146086086449,0.136027921578015,0.11518324607329844,core
DDO161,2.02,110.2159999999999,positive,32.9,31.18002565746218,0.11336831949178858,0.1510845175766642,core
DDO161,2.49,107.70710000000008,positive,35.2,33.63529247680181,0.09520371943572051,0.18623784592370982,core
DDO161,2.96,195.28150000000005,positive,37.6,34.90671138907245,0.1602666768432927,0.22139117427075544,inner_disk
DDO161,3.43,400.5623000000001,positive,40.6,35.32418010371932,0.3210154178037034,0.2565445026178011,inner_disk
DDO161,3.9,541.4055000000001,positive,42.7,35.80341464162322,0.42235123367198846,0.2916978309648467,inner_disk
DDO161,4.37,776.6570999999999,positive,45.5,35.96655251758222,0.600387571700494,0.32685115931189235,inner_disk
DDO161,4.86,1096.1936,positive,48.9,35.986336295877635,0.8464708246165841,0.3635003739715782,inner_disk
DDO161,5.34,1364.0178,positive,51.5,35.891951744088814,1.0588291458636105,0.3994016454749439,inner_disk
DDO161,5.81,1536.3119000000002,positive,53.0,35.67475437897225,1.2071393611679093,0.43455497382198954,mid_disk
DDO161,6.28,1750.02,positive,55.0,35.70686208559918,1.3725862366468493,0.4697083021690352,mid_disk
DDO161,6.75,2038.963,positive,57.6,35.760271251767655,1.5944383666836874,0.5048616305160808,mid_disk
DDO161,7.22,2270.4156000000003,positive,59.7,35.96768549684563,1.7550131625082794,0.5400149588631264,mid_disk
DDO161,7.69,2338.3676,positive,60.5,36.35770069737634,1.7689679505529392,0.5751682872101721,mid_disk
DDO161,8.16,2465.2328,positive,61.8,36.79683682057468,1.8206940110805903,0.6103216155572176,outer_disk
DDO161,8.64,2585.8395,positive,62.9,37.021216889778216,1.8866884264618278,0.6462228870605835,outer_disk
DDO161,9.11,2577.8035,positive,63.0,37.29874662773536,1.852939897419236,0.681376215407629,outer_disk
DDO161,9.58,2775.752,positive,64.5,37.20884303495609,2.004879747027442,0.7165295437546747,outer_disk
DDO161,10.05,2933.7752,positive,65.6,37.007901858927376,2.142090946102789,0.7516828721017204,outer_disk
DDO161,10.52,3238.641,positive,67.5,36.29888428037424,2.457968183277437,0.7868362004487659,outer_disk
DDO161,10.99,3203.964,positive,66.8,35.47218628728712,2.5463125737119667,0.8219895287958116,edge
DDO161,11.46,3270.7114999999994,positive,66.8,34.518524012477705,2.7449712700955113,0.8571428571428572,edge
DDO161,11.94,3308.0890999999992,positive,66.6,33.57783346197309,2.93407936293522,0.893044128646223,edge
DDO161,12.41,3396.1979999999994,positive,66.8,32.650298620380184,3.1858013098921045,0.9281974569932686,edge
DDO161,12.9,3380.4742999999994,positive,66.3,31.86244968611171,3.3298089263197945,0.9648466716529545,edge
DDO161,13.37,3411.1258,positive,66.1,30.952935240458213,3.560361187461394,1.0,edge
DDO168,0.41,48.07350000000002,positive,15.0,13.301372109673498,0.2717145255233106,0.09951456310679611,core
DDO168,0.82,60.398000000000025,positive,23.4,22.071746645881923,0.12397929230933455,0.19902912621359223,core
DDO168,1.24,220.7198,positive,29.2,25.138022993067693,0.34928429254200133,0.30097087378640774,inner_disk
DDO168,1.64,646.7199000000003,positive,36.2,25.762765767673315,0.9743864921372734,0.39805825242718446,inner_disk
DDO168,2.06,1166.7279,positive,44.0,27.73575490229173,1.5166647796013926,0.5,mid_disk
DDO168,2.47,1912.2722000000003,positive,52.1,28.32203735609428,2.3839696870039044,0.5995145631067962,mid_disk
DDO168,2.89,1983.0474,positive,52.9,28.55455480304324,2.4321049309840808,0.7014563106796117,outer_disk
DDO168,3.3,2190.4362999999994,positive,54.8,28.50620458777352,2.695577561362321,0.8009708737864077,edge
DDO168,3.71,2213.4268,positive,55.0,28.488123841348344,2.727328600796577,0.9004854368932038,edge
DDO168,4.12,1918.9155,positive,52.0,28.01935937882949,2.4442152405250646,1.0,edge
DDO170,1.87,361.0714999999999,positive,27.7,20.15486293677037,0.8888603054759936,0.15166261151662613,core
DDO170,3.36,1180.5926,positive,42.4,24.84285410334328,1.912921194476571,0.2725060827250608,inner_disk
DDO170,4.86,1934.6983,positive,52.5,28.66272317837229,2.3549318929046095,0.39416058394160586,inner_disk
DDO170,6.35,2118.219,positive,55.6,31.195207965326983,2.1766825156888876,0.5150040551500406,mid_disk
DDO170,7.85,2358.1323,positive,58.6,32.79981249946408,2.191923762513272,0.6366585563665855,outer_disk
DDO170,9.34,2416.1319,positive,59.0,32.63231680405178,2.2689494595621738,0.7575020275750203,outer_disk
DDO170,10.83,2625.7646,positive,60.0,31.21274419207641,2.695205491403824,0.878345498783455,edge
DDO170,12.33,3023.5299000000005,positive,62.2,29.074217100379503,3.576829260646478,1.0,edge
ESO079-G014,0.41,259.2534000000003,positive,33.2,29.03423152074117,0.3075415433649838,0.024595080983803235,core
ESO079-G014,0.98,254.9518999999996,positive,50.4,47.803850263341765,0.11156616327414537,0.058788242351529685,core
ESO079-G014,1.78,-995.5206000000004,negative,53.9,62.455829191517424,-0.25521388224041935,0.10677864427114576,core
ESO079-G014,2.69,-1200.572900000001,negative,67.6,75.96270729772604,-0.20805955580136473,0.16136772645470904,core
ESO079-G014,3.36,-167.86649999999827,negative,81.7,82.7209556279423,-0.024531999640787786,0.2015596880623875,inner_disk
ESO079-G014,4.39,2771.298999999999,positive,102.0,87.36533065238179,0.3630823479132746,0.2633473305338932,inner_disk
ESO079-G014,5.65,4859.3771,positive,116.0,92.71797506416974,0.5652658208376221,0.33893221355728853,inner_disk
ESO079-G014,6.34,8067.035500000002,positive,132.0,96.73140389759676,0.8621423646525541,0.3803239352129574,inner_disk
ESO079-G014,6.89,8521.8222,positive,137.0,101.22834484471234,0.8316262649409676,0.4133173365326934,mid_disk
ESO079-G014,8.34,10466.411,positive,154.0,115.10685904845114,0.7899423144370743,0.5002999400119975,mid_disk
ESO079-G014,10.04,9413.0687,positive,163.0,130.9806523880531,0.5486772204549455,0.6022795440911817,outer_disk
ESO079-G014,11.65,10156.2094,positive,170.0,136.90796397580382,0.5418439427081522,0.698860227954409,outer_disk
ESO079-G014,13.36,11628.2199,positive,175.0,137.8288072211321,0.6121153078989423,0.8014397120575883,edge
ESO079-G014,15.06,13260.243500000004,positive,177.0,134.42007476563907,0.7338769272805246,0.9034193161367726,edge
ESO079-G014,16.67,14611.466999999995,positive,178.0,130.66190339957552,0.855846464024992,1.0,edge
ESO116-G012,0.25,136.4327,positive,20.9,17.33139636613276,0.4542044288965913,0.025354969574036514,core
ESO116-G012,0.83,374.5583999999999,positive,40.0,35.00630800298712,0.30565177483774003,0.08417849898580122,core
ESO116-G012,1.38,14.051899999999478,positive,51.5,51.36339260601854,0.005326324812378371,0.13995943204868153,core
ESO116-G012,1.85,774.717000000001,positive,67.9,61.93297183245771,0.20197575770532233,0.18762677484787021,core
ESO116-G012,2.68,2615.7483000000007,positive,80.2,61.776141834854016,0.6854162379673441,0.2718052738336714,inner_disk
ESO116-G012,3.19,2670.2186999999994,positive,83.3,65.33506944972203,0.6255386072944991,0.3235294117647059,inner_disk
ESO116-G012,3.68,3703.104300000001,positive,91.4,68.19718249312064,0.7962199945270289,0.3732251521298175,inner_disk
ESO116-G012,4.13,5507.9215,positive,102.0,69.97198367918405,1.1249659293657162,0.41886409736308317,mid_disk
ESO116-G012,5.23,6205.2727,positive,105.0,69.42425584765024,1.287473816205328,0.5304259634888439,mid_disk
ESO116-G012,6.05,7525.9935,positive,109.0,65.99247305564477,1.7281245160024443,0.6135902636916836,outer_disk
ESO116-G012,6.81,7740.236,positive,108.0,62.639955300111765,1.9726558478032827,0.6906693711967545,outer_disk
ESO116-G012,7.56,8064.4779,positive,109.0,61.77800660429244,2.113043679217788,0.7667342799188641,outer_disk
ESO116-G012,8.32,8336.1387,positive,110.0,61.35031621760397,2.2147837116102016,0.8438133874239352,edge
ESO116-G012,9.09,8652.6135,positive,111.0,60.56720647347044,2.3586973455496034,0.9219066937119675,edge
ESO116-G012,9.86,9258.2168,positive,112.0,57.32175154337139,2.817659059185645,1.0,edge
ESO444-G084,0.26,244.7658,positive,18.3,9.493376638478008,2.715872096506821,0.05855855855855856,core
ESO444-G084,0.77,893.9433999999997,positive,35.3,18.76556953572153,2.538554681487766,0.1734234234234234,core
ESO444-G084,1.29,1802.8259,positive,47.8,21.954819516452417,3.74019328480225,0.2905405405405405,inner_disk
ESO444-G084,1.81,2239.1035,positive,52.8,23.4251253998778,4.080471227993764,0.40765765765765766,mid_disk
ESO444-G084,2.32,2809.5935,positive,58.0,23.545838273461406,5.067749927174374,0.5225225225225224,mid_disk
ESO444-G084,3.39,3579.797,positive,63.1,20.045273757172787,8.909111950086235,0.7635135135135135,outer_disk
ESO444-G084,4.44,3649.7266,positive,62.7,16.779851012449424,12.962361585348098,1.0,edge
ESO563-G021,0.45,-3892.5261,negative,18.9,65.19,-0.9159453689371441,0.010610705022400378,core
ESO563-G021,1.34,-11041.9389,negative,58.3,120.17,-0.7646333168589788,0.03159632162225891,core
ESO563-G021,2.23,-13409.940399999998,negative,74.1,137.48,-0.7094924866051879,0.05258193822211743,core
ESO563-G021,3.12,-7207.592400000001,negative,119.0,146.18,-0.3372984174661875,0.07356755482197595,core
ESO563-G021,4.01,-5038.779600000005,negative,141.0,157.86,-0.2022000066164311,0.09455317142183448,core
ESO563-G021,4.9,7122.875900000003,positive,195.0,175.79,0.23049793848960703,0.11553878802169301,core
ESO563-G021,5.79,11852.3439,positive,227.0,199.19,0.2987233568808738,0.13652440462155152,core
ESO563-G021,6.69,13048.663099999998,positive,246.0,217.87,0.27489772867371454,0.1577458146663523,core
ESO563-G021,7.58,19543.1775,positive,268.0,228.65,0.373811592195207,0.17873143126621083,core
ESO563-G021,8.47,21641.102400000003,positive,283.0,241.76,0.37026314527350945,0.19971704786606936,core
ESO563-G021,10.23,16591.316399999996,positive,291.0,260.94,0.24366857830427627,0.24121669417590194,inner_disk
ESO563-G021,12.06,20452.99679999998,positive,310.0,275.0400029086679,0.2703741844990889,0.28436689460033016,inner_disk
ESO563-G021,13.44,18826.959599999987,positive,310.0,277.9802877903396,0.24364201929344528,0.31690639000235793,inner_disk
ESO563-G021,15.18,16425.265400000004,positive,310.0,282.2671334038024,0.20615400204922688,0.35793444942230607,inner_disk
ESO563-G021,16.83,18089.678700000004,positive,314.0,283.7363587910439,0.22469886100732814,0.3968403678377741,inner_disk
ESO563-G021,18.56,23528.470999999976,positive,317.0,277.4176075882712,0.3057212743431112,0.43763263381278,mid_disk
ESO563-G021,20.3,26580.6403,positive,319.0,274.1903712751416,0.3535583017435337,0.4786606932327282,mid_disk
ESO563-G021,21.94,25464.695600000006,positive,318.0,275.0623645648383,0.336570575184934,0.517330818203254,mid_disk
ESO563-G021,23.68,25289.895500000013,positive,317.0,274.2245512349323,0.33630580667353577,0.5583588776232021,mid_disk
ESO563-G021,25.41,30020.77519999999,positive,317.0,265.4585180400132,0.4260186103056194,0.599151143598208,mid_disk
ESO563-G021,27.06,31207.415000000008,positive,312.0,257.17034238029856,0.47186311479493553,0.6380570620136761,outer_disk
ESO563-G021,28.8,36018.950300000004,positive,312.0,247.63895028851985,0.587344820366285,0.6790851214336242,outer_disk
ESO563-G021,30.53,40002.9711,positive,311.0,238.15547211853016,0.7052955096611265,0.7198773874086302,outer_disk
ESO563-G021,32.18,42838.5326,positive,310.0,230.78446091537447,0.8043062779002592,0.7587833058240981,outer_disk
ESO563-G021,33.91,47658.1459,positive,313.0,224.30081163473304,0.9472736401030412,0.799575571799104,outer_disk
ESO563-G021,35.65,55000.39749999999,positive,320.0,217.71449767987437,1.1603556696493387,0.8406036312190521,edge
ESO563-G021,37.3,57963.2886,positive,321.0,212.31512287164097,1.2858525155738052,0.8795095496345202,edge
ESO563-G021,39.03,59717.60549999999,positive,320.0,206.59717931278732,1.399115635370457,0.9203018156095262,edge
ESO563-G021,40.76,58701.1079,positive,315.0,201.3054696226608,1.4485555275674022,0.961094081584532,edge
ESO563-G021,42.41,58546.04380000001,positive,312.0,196.97196805637088,1.5089981415051965,1.0,edge
F561-1,1.61,-298.11620000000005,negative,23.4,29.080512375128468,-0.35251813873915344,0.16666666666666669,core
F561-1,3.23,124.3787000000002,positive,40.6,39.03820308364615,0.08161432164554788,0.33436853002070394,inner_disk
F561-1,4.84,294.63589999999976,positive,45.5,42.138036261790845,0.1659346476241655,0.5010351966873706,mid_disk
F561-1,6.45,45.27630000000045,positive,49.2,48.7377030644654,0.01906078635452771,0.6677018633540373,outer_disk
F561-1,8.06,-488.4713000000006,negative,50.4,55.03300191703157,-0.16128450498414929,0.834368530020704,edge
F561-1,9.66,-760.3012000000003,negative,50.4,57.44964055588164,-0.23036210818051733,1.0,edge
F563-V1,1.31,-0.0392000000000223,negative,12.0,12.001633222191057,-0.0002721481374516262,0.16645489199491742,core
F563-V1,2.63,93.6518999999999,positive,21.7,19.422618258103103,0.24825673758827618,0.3341804320203304,inner_disk
F563-V1,3.93,79.76780000000008,positive,28.6,27.16969267400719,0.10805830784990694,0.49936467598475226,mid_disk
F563-V1,5.24,14.645999999999958,positive,29.5,29.250709393107037,0.017117732034913295,0.6658195679796697,outer_disk
F563-V1,6.55,-81.5184999999999,negative,28.6,29.991307073883924,-0.09062862536458616,0.832274459974587,edge
F563-V1,7.87,-205.8277999999999,negative,27.3,30.840197794437053,-0.21640621172266977,1.0,edge
F563-V2,0.28,102.0191,positive,11.9,6.2921300050142,2.5768320497892194,0.026743075453677174,core
F563-V2,0.87,891.2854999999997,positive,34.8,17.881680569789854,2.7874056502723175,0.0830945558739255,core
F563-V2,1.46,2650.5207,positive,58.5,27.78001619869938,3.434521275789322,0.13944603629417382,core
F563-V2,2.05,5354.1844,positive,81.5,35.88963081448456,4.156763754889503,0.19579751671442214,core
F563-V2,2.35,6937.2983,positive,91.8,38.599762952640006,4.656087080454222,0.224450811843362,inner_disk
F563-V2,4.76,10689.372,positive,114.0,48.02736719829643,4.634198492344669,0.4546322827125119,mid_disk
F563-V2,7.86,10583.3055,positive,116.0,53.59752326367329,3.684104070237891,0.7507163323782234,outer_disk
F563-V2,8.7,10516.007,positive,117.0,56.32932628746771,3.3142231955759116,0.8309455587392549,edge
F563-V2,10.18,10905.843,positive,118.0,54.93775568768714,3.6134114295578397,0.9723018147086914,edge
F563-V2,10.47,10930.8867,positive,118.0,54.70935294810203,3.6520123377888827,1.0,edge
F565-V2,1.26,308.43999999999994,positive,21.7,12.745587471748802,1.8986765158510306,0.14318181818181816,core
F565-V2,2.51,1212.7270999999996,positive,40.3,20.2820832263355,2.9480711556632837,0.28522727272727266,inner_disk
F565-V2,3.78,2745.005000000001,positive,57.7,24.17198791990431,4.6980583105847336,0.4295454545454545,mid_disk
F565-V2,5.03,4019.1175,positive,68.5,25.94479716629136,5.970767270931056,0.571590909090909,mid_disk
F565-V2,6.29,4523.4319,positive,73.5,29.6448663346624,5.147176531753271,0.7147727272727272,outer_disk
F565-V2,7.54,5130.1012,positive,78.5,32.127072695781045,4.970311644987622,0.8568181818181817,edge
F565-V2,8.8,5821.715499999998,positive,83.1,32.922553060174415,5.371108996309143,1.0,edge
F567-2,1.92,54.31709999999987,positive,26.9,25.87069577726892,0.0811559483150051,0.20020855057351408,inner_disk
F567-2,3.83,997.9838,positive,46.8,34.52906312079724,0.8370548209352989,0.3993743482794578,inner_disk
F567-2,5.75,1181.9,positive,47.6,32.922029099069825,1.0904544867418298,0.5995828988529719,mid_disk
F567-2,7.67,922.0866,positive,48.1,37.30312855512256,0.662645414371041,0.799791449426486,outer_disk
F567-2,9.59,1045.9291000000003,positive,52.2,40.97451525033578,0.6229807073144863,1.0,edge
F568-1,0.44,91.85599999999997,positive,15.7,12.435191996909415,0.594022013270044,0.03325774754346183,core
F568-1,1.32,1139.5178,positive,44.5,28.995382390994603,1.355387363538592,0.09977324263038549,core
F568-1,2.2,3492.6668000000004,positive,69.4,36.38259473979282,2.6385772775745915,0.16628873771730915,core
F568-1,3.08,6475.5166,positive,90.0,40.30488059776384,3.986200536121206,0.2328042328042328,inner_disk
F568-1,3.96,9321.7382,positive,105.0,41.270592435776834,5.4728745751240355,0.29931972789115646,inner_disk
F568-1,4.84,10897.2864,positive,113.0,43.26330546779799,5.822090730120251,0.3658352229780801,inner_disk
F568-1,5.53,11637.5743,positive,117.0,45.29266717692832,5.672920203739283,0.417989417989418,mid_disk
F568-1,7.48,12404.5071,positive,124.0,54.511401559673736,4.17450336159309,0.5653817082388511,mid_disk
F568-1,8.37,12734.7031,positive,127.0,58.26059474464709,3.7517941049882815,0.6326530612244897,outer_disk
F568-1,9.24,13188.1308,positive,130.0,60.92511140736634,3.5529621571794614,0.6984126984126984,outer_disk
F568-1,10.13,13714.1807,positive,133.0,63.04616800409046,3.4502651982192,0.7656840513983372,outer_disk
F568-1,13.23,15420.2903,positive,142.0,68.87459400969271,3.2506816974908905,1.0,edge
F568-3,0.64,-31.506,negative,12.4,13.611245350811954,-0.17005818660736452,0.035595105672969966,core
F568-3,1.18,29.03859999999992,positive,21.9,21.226667190117247,0.0644483870924784,0.06562847608453837,core
F568-3,1.8,272.33159999999987,positive,32.3,27.76613765002255,0.35323773630328165,0.10011123470522804,core
F568-3,2.03,548.3807999999998,positive,37.9,29.79981879139536,0.617525639922651,0.1129032258064516,core
F568-3,2.78,1492.5184000000004,positive,53.1,36.42926845271532,1.1246536410900352,0.15461624026696327,core
F568-3,3.0,2441.0492,positive,62.4,38.11444345651658,1.6803407808353874,0.1668520578420467,core
F568-3,3.64,2817.4784,positive,68.0,42.50319517401015,1.5596151189113932,0.20244716351501668,inner_disk
F568-3,4.19,3992.2367,positive,78.0,45.73579888883543,1.9085508862307694,0.23303670745272526,inner_disk
F568-3,4.6,4570.4855,positive,82.3,46.93404414707942,2.074848448875059,0.2558398220244716,inner_disk
F568-3,5.14,5038.0275,positive,85.7,48.025644191410905,2.184309304833701,0.28587319243604004,inner_disk
F568-3,5.39,4915.8794,positive,85.5,48.93230630166536,2.0530987976547994,0.29977753058954393,inner_disk
F568-3,6.31,5252.349200000001,positive,89.5,52.51571955138765,1.9044735764245047,0.3509454949944382,inner_disk
F568-3,9.1,5717.9678,positive,95.2,57.83659913929933,1.7093705182208025,0.5061179087875417,mid_disk
F568-3,10.17,5907.1999000000005,positive,97.5,59.992083644427616,1.6413219421424563,0.5656284760845384,mid_disk
F568-3,11.99,6401.4016,positive,101.0,61.64088253748481,1.6847574206789853,0.6668520578420467,outer_disk
F568-3,14.02,7610.295,positive,107.0,61.95728367189769,1.9825162392004594,0.7797552836484983,outer_disk
F568-3,15.94,9764.551,positive,117.0,62.64542281763289,2.4881329837640904,0.8865406006674081,edge
F568-3,17.98,10480.9391,positive,120.0,62.60240330849927,2.6743496382003142,1.0,edge
F568-V1,0.39,151.46539999999993,positive,17.4,12.30018699044856,1.0011289233059204,0.022121384004537722,core
F568-V1,1.18,1295.6522999999995,positive,46.3,29.12108686158537,1.5278239399026712,0.06693136698808849,core
F568-V1,1.95,3558.2446999999997,positive,69.1,34.879296151155344,2.9248283672072515,0.1106069200226886,core
F568-V1,2.74,5884.1127000000015,positive,85.2,37.08001213592034,4.279580964026245,0.1554169030062394,core
F568-V1,3.53,6974.054399999999,positive,93.2,41.37856449902534,4.073188327246765,0.20022688598979013,inner_disk
F568-V1,4.3,7977.4275,positive,100.0,44.97301968958722,3.944198539236542,0.24390243902439024,inner_disk
F568-V1,5.09,9508.9711,positive,108.0,46.422288827674144,4.412456417637833,0.288712422007941,inner_disk
F568-V1,5.87,10376.7739,positive,112.0,46.55347570267981,4.788043988580611,0.33295519001701646,inner_disk
F568-V1,6.4,10546.8631,positive,113.0,47.139547091587545,4.746270628060764,0.3630175836642088,inner_disk
F568-V1,7.44,10383.9788,positive,113.0,48.83667883875806,4.353830817101334,0.4220079410096427,mid_disk
F568-V1,8.21,10032.263,positive,112.0,50.11723256525644,3.9941534483904966,0.46568349404424286,mid_disk
F568-V1,9.0,9810.4295,positive,111.0,50.10559350012731,3.907649476483532,0.5104934770277936,mid_disk
F568-V1,9.72,9730.9739,positive,111.0,50.89229902450861,3.757094918850432,0.5513329551900171,mid_disk
F568-V1,11.79,9935.1142,positive,113.0,53.23425400998872,3.5058272990393613,0.6687464549064095,outer_disk
F568-V1,17.63,11528.9047,positive,118.0,48.93971086959954,4.81354737742586,1.0,edge
F571-8,0.22,-1313.2105,negative,12.4,38.3010508994205,-0.8951853496713122,0.014147909967845658,core
F571-8,0.78,-5943.655,negative,37.5,85.73158694436958,-0.8086709964278449,0.05016077170418006,core
F571-8,1.33,-7638.959999999999,negative,56.5,104.07309931005226,-0.7052730027393062,0.08553054662379421,core
F571-8,2.33,-8352.508100000001,negative,69.1,114.57450894505288,-0.6362691934767695,0.14983922829581994,core
F571-8,3.44,-4257.600499999999,negative,85.5,107.55394228014146,-0.36805459233761695,0.2212218649517685,inner_disk
F571-8,3.78,-3220.424100000001,negative,87.1,103.95592383313227,-0.29799884685932226,0.2430868167202572,inner_disk
F571-8,4.77,2484.582700000001,positive,105.0,92.41437821031964,0.2909205267990828,0.30675241157556266,inner_disk
F571-8,5.44,4993.931499999999,positive,112.0,86.89113015722607,0.6614418796332772,0.3498392282958199,inner_disk
F571-8,6.11,6737.4811,positive,116.0,81.96657184486857,1.002822378009534,0.3929260450160772,inner_disk
F571-8,7.22,9455.3662,positive,124.0,76.94565484808093,1.597019258309811,0.4643086816720257,mid_disk
F571-8,9.33,13412.3591,positive,135.0,69.3732001568329,2.7869021143879653,0.6,mid_disk
F571-8,11.1,15333.9824,positive,140.0,65.31475790355499,3.59444893054356,0.7138263665594855,outer_disk
F571-8,15.55,17536.2767,positive,144.0,56.566096736472815,5.480560365954142,1.0,edge
F571-V1,1.95,394.9851,positive,32.0,25.080169457162764,0.6279423587581152,0.1434878587196468,core
F571-V1,3.88,1824.5251000000003,positive,57.6,38.64239769993575,1.221860740061728,0.28550404709345106,inner_disk
F571-V1,5.83,3489.6003000000005,positive,70.9,39.20726590824716,2.270087353729293,0.4289919058130979,mid_disk
F571-V1,7.78,4208.0812000000005,positive,77.0,41.48395834536526,2.445252617380902,0.5724797645327447,mid_disk
F571-V1,9.72,4913.9191,positive,82.5,43.50092987511877,2.5967546690697687,0.7152317880794703,outer_disk
F571-V1,11.66,5311.5875,positive,84.3,42.36628966525154,2.959262411189466,0.8579838116261957,edge
F571-V1,13.59,5503.2736,positive,83.9,39.191024482654186,3.583008775623783,1.0,edge
F574-1,0.47,65.28740000000002,positive,15.3,12.992405473968244,0.386767739359465,0.0373015873015873,core
F574-1,1.41,599.1311999999998,positive,41.0,32.891774047624736,0.5537928443818693,0.1119047619047619,core
F574-1,2.35,1989.2787,positive,60.7,41.17294378593788,1.1734694666086753,0.1865079365079365,core
F574-1,3.29,3798.077000000001,positive,74.9,42.566806316659466,2.096146491067827,0.2611111111111111,inner_disk
F574-1,4.22,4890.818200000001,positive,83.0,44.701026833843535,2.447634244291486,0.3349206349206349,inner_disk
F574-1,5.17,5293.4439,positive,86.8,47.33704785894448,2.362305030787942,0.4103174603174603,mid_disk
F574-1,6.11,5497.043900000001,positive,89.4,49.95313904050475,2.2029449094645766,0.484920634920635,mid_disk
F574-1,7.05,5948.8919,positive,92.5,51.06229626642343,2.2815783915527366,0.5595238095238095,mid_disk
F574-1,7.99,6194.8226,positive,94.7,52.66182108510871,2.2337631776870848,0.6341269841269842,outer_disk
F574-1,8.92,6495.760699999999,positive,96.3,52.706065115885856,2.338346299886034,0.707936507936508,outer_disk
F574-1,9.87,6605.2223,positive,97.8,54.40236851461524,2.2317822670137435,0.7833333333333333,outer_disk
F574-1,10.79,6603.331099999999,positive,98.8,56.19705419325821,2.0909130460954017,0.8563492063492063,edge
F574-1,11.8,6557.8352,positive,99.5,57.813621232370494,1.9620051945677117,0.9365079365079366,edge
F574-1,12.6,6519.8535,positive,99.7,58.48278806623364,1.906258090632037,1.0,edge
F574-2,2.17,-382.8817,negative,12.6,23.27319703006014,-0.7068911053192543,0.20036934441366575,inner_disk
F574-2,4.32,-272.9251999999999,negative,23.0,28.318283846306787,-0.34033747785953095,0.3988919667590028,inner_disk
F574-2,6.49,-499.3599999999999,negative,30.0,37.4080205303622,-0.3568488451863709,0.5992613111726686,mid_disk
F574-2,8.65,-449.4360999999999,negative,36.0,41.77841667655681,-0.2574921533936418,0.7987072945521699,outer_disk
F574-2,10.83,-512.6913,negative,40.0,45.96402179966414,-0.24267213103968382,1.0,edge
F579-V1,0.42,1034.7479000000003,positive,35.7,15.483607460795431,4.316087579111056,0.027704485488126648,core
F579-V1,1.47,5263.909999999999,positive,83.3,40.92651951974417,3.142670360243106,0.09696569920844327,core
F579-V1,2.11,6487.510000000001,positive,94.2,48.84802964296513,2.718841806607352,0.1391820580474934,core
F579-V1,2.84,6652.159999999998,positive,97.6,53.605969816803054,2.314922048997772,0.18733509234828494,core
F579-V1,3.9,6847.2779,positive,101.0,57.91132963419162,2.041695076643351,0.25725593667546176,inner_disk
F579-V1,4.74,6933.7691,positive,105.0,63.96273055459718,1.6947880159978264,0.31266490765171506,inner_disk
F579-V1,5.69,6442.140800000001,positive,106.0,69.23770071283418,1.3438318755794918,0.3753298153034301,inner_disk
F579-V1,6.32,6563.563100000001,positive,108.0,71.41734313176316,1.2868629156063087,0.41688654353562005,mid_disk
F579-V1,7.37,6541.4688,positive,110.0,74.55555780758401,1.1768340528519474,0.4861477572559367,mid_disk
F579-V1,8.21,6846.6086000000005,positive,112.0,75.48106650014955,1.2017093647454171,0.54155672823219,mid_disk
F579-V1,9.16,6795.110999999999,positive,113.0,77.29093737301936,1.137468573654448,0.604221635883905,outer_disk
F579-V1,10.85,6917.466199999999,positive,114.0,77.96495238246479,1.138015585271566,0.7156992084432717,outer_disk
F579-V1,12.21,7299.576000000001,positive,114.0,75.47465799856266,1.281431297951136,0.8054089709762533,edge
F579-V1,15.16,7863.2135,positive,114.0,71.64346795067922,1.5319580309837548,1.0,edge
F583-1,0.26,187.3064,positive,14.6,5.084643546995206,7.2448865921960595,0.015990159901599015,core
F583-1,0.44,32.51150000000001,positive,10.0,8.215138465053403,0.481733925039081,0.027060270602706025,core
F583-1,0.77,-60.572100000000034,negative,10.7,13.23110350651071,-0.34600350389947354,0.047355473554735544,core
F583-1,0.89,87.88909999999993,positive,17.4,14.658475364102502,0.40903212114809373,0.05473554735547355,core
F583-1,1.22,247.401,positive,23.5,17.45992554394205,0.8115526047321788,0.07503075030750307,core
F583-1,1.55,614.6627,positive,31.0,18.61013970930901,1.7747516655006548,0.0953259532595326,core
F583-1,1.8,700.1150999999998,positive,32.3,18.52498043183852,2.0401116165547055,0.1107011070110701,core
F583-1,2.21,1297.0655,positive,40.9,19.384130106868348,3.4519879865174348,0.13591635916359163,core
F583-1,2.31,1529.0722999999998,positive,43.8,19.732402286594503,3.927065085265162,0.14206642066420663,core
F583-1,2.54,1583.9679999999998,positive,44.8,20.568714106623197,3.7439679298086364,0.15621156211562115,core
F583-1,3.1,2155.1988,positive,51.7,22.752828395608315,4.163097228618141,0.1906519065190652,core
F583-1,3.43,2515.9223,positive,55.7,24.21915977072698,4.289227483886344,0.2109471094710947,inner_disk
F583-1,3.86,2896.9315,positive,59.4,25.128241084485005,4.587901084604194,0.2373923739237392,inner_disk
F583-1,4.09,3200.1683000000003,positive,62.0,25.37383888969109,4.970504403557639,0.25153751537515373,inner_disk
F583-1,4.37,3286.916,positive,63.0,26.11673792800318,4.8189313926144015,0.26875768757687574,inner_disk
F583-1,4.76,3704.035,positive,66.6,27.046718839814933,5.063442807832952,0.29274292742927427,inner_disk
F583-1,5.4,4272.258599999999,positive,71.3,28.48563497624724,5.265089075921881,0.33210332103321033,inner_disk
F583-1,5.86,4362.7892,positive,72.3,29.402394460315644,5.0465993785083825,0.36039360393603936,inner_disk
F583-1,6.08,4502.3235,positive,73.4,29.75292422603197,5.086012043109385,0.37392373923739236,inner_disk
F583-1,6.43,4317.549500000001,positive,72.4,30.400830580758807,4.671608361947848,0.3954489544895448,inner_disk
F583-1,6.97,4945.433499999999,positive,77.1,31.606589502823617,4.950500337095016,0.4286592865928659,mid_disk
F583-1,7.96,5303.224299999999,positive,80.3,33.83586410895989,4.632180263588994,0.48954489544895446,mid_disk
F583-1,10.29,5683.7663,positive,84.7,38.60471085243354,3.8137797177888264,0.632841328413284,outer_disk
F583-1,15.49,5687.8460000000005,positive,86.9,43.17133308110835,3.0518059153412125,0.9526445264452644,edge
F583-1,16.26,5505.3694,positive,85.8,43.08445891501946,2.9658226553822487,1.0,edge
F583-4,0.22,83.02099999999999,positive,10.7,5.609723700860855,2.6381836092662607,0.03017832647462277,core
F583-4,0.76,295.7762,positive,24.7,17.728897314836022,0.9410219977614731,0.10425240054869685,core
F583-4,1.31,792.8274999999998,positive,38.9,26.83994225031045,1.1005646305955512,0.17969821673525377,core
F583-4,1.94,758.2202000000002,positive,42.7,32.63540715235525,0.7118971920901335,0.2661179698216735,inner_disk
F583-4,3.92,1488.9224000000002,positive,55.0,39.19282587413161,0.96930155091123,0.5377229080932785,mid_disk
F583-4,4.35,1710.8862,positive,57.2,39.508907856330325,1.0960517857735443,0.5967078189300411,mid_disk
F583-4,5.0,1941.9218999999996,positive,59.8,40.42422664690074,1.188360804522023,0.6858710562414266,outer_disk
F583-4,5.05,2272.4064,positive,62.5,40.42083126309997,1.390834716370649,0.6927297668038408,outer_disk
F583-4,5.83,2199.8056,positive,61.8,40.24219675912338,1.358378950082819,0.7997256515775034,outer_disk
F583-4,6.09,2531.6647000000003,positive,64.4,40.195712457922674,1.5669196413457414,0.8353909465020576,edge
F583-4,6.74,2775.7747000000004,positive,67.2,41.714089945724574,1.5952129497668854,0.9245541838134431,edge
F583-4,7.29,3284.959500000001,positive,69.9,40.0131290953357,2.0517525836942685,1.0,edge
IC2574,0.85,14.121900000000023,positive,10.3,9.59,0.15355215558438223,0.08308895405669599,core
IC2574,1.14,22.6499,positive,12.9,11.99,0.15755345189659717,0.11143695014662755,core
IC2574,1.42,76.80749999999998,positive,16.4,13.861908238045729,0.399721575311276,0.13880742913000976,core
IC2574,1.71,100.95350000000003,positive,18.6,15.652683476005,0.41204417025670764,0.16715542521994134,core
IC2574,1.99,84.72279999999995,positive,19.8,17.53046491111973,0.27568518781246193,0.19452590420332355,core
IC2574,2.28,331.5647,positive,26.1,18.69880477463733,0.9482887371859429,0.2228739002932551,inner_disk
IC2574,2.55,370.4031,positive,27.7,19.92202047986097,0.9332711661684983,0.24926686217008795,inner_disk
IC2574,2.84,449.824,positive,29.7,20.79100767158725,1.0406185080482857,0.2776148582600195,inner_disk
IC2574,3.13,625.9838,positive,33.0,21.517811226981244,1.3519695423183895,0.3059628543499511,inner_disk
IC2574,3.41,726.3154999999997,positive,34.8,22.01645975174029,1.4984088899983383,0.3333333333333333,inner_disk
IC2574,3.7,744.3279,positive,35.0,21.924235448471173,1.5485148815585512,0.3616813294232649,inner_disk
IC2574,3.98,1041.5675,positive,39.0,21.89594711356419,2.1725008212834966,0.3890518084066471,inner_disk
IC2574,4.26,772.4506999999999,positive,35.9,22.72354065721273,1.4959558199106706,0.4164222873900293,mid_disk
IC2574,4.55,983.6015,positive,40.0,24.82737400531921,1.5957233834929838,0.44477028347996084,mid_disk
IC2574,4.84,762.1136000000001,positive,38.7,27.12151175727489,1.0360767419944414,0.47311827956989244,mid_disk
IC2574,5.12,944.5954999999998,positive,41.8,28.330981274922337,1.1768541365448835,0.5004887585532747,mid_disk
IC2574,5.41,1005.4655,positive,42.9,28.89540620929216,1.2042303410585973,0.5288367546432062,mid_disk
IC2574,5.68,1076.1246999999998,positive,44.4,29.920482950647703,1.202057939404311,0.555229716520039,mid_disk
IC2574,5.97,1177.8375,positive,46.1,30.779416823585205,1.2432675637091009,0.5835777126099706,mid_disk
IC2574,6.26,1395.4274999999998,positive,49.0,31.710763157010277,1.387694571997543,0.6119257086999021,outer_disk
IC2574,6.54,1638.7174999999995,positive,51.9,32.47910867003588,1.5534450192792157,0.6392961876832844,outer_disk
IC2574,6.83,1766.2231000000002,positive,53.1,32.45592241795016,1.676708814206822,0.667644183773216,outer_disk
IC2574,7.1,1854.8334,positive,54.0,32.57555218258011,1.7479191297577594,0.6940371456500488,outer_disk
IC2574,7.39,2052.3088,positive,55.9,32.749064108765,1.9135724976345019,0.7223851417399804,outer_disk
IC2574,7.68,2347.2802999999994,positive,58.8,33.319059110365046,2.114362735379423,0.7507331378299119,outer_disk
IC2574,7.96,2143.521,positive,57.3,33.76046504419037,1.880662660591752,0.7781036168132942,outer_disk
IC2574,8.25,1756.375,positive,54.0,34.0532670972992,1.5146060148754983,0.8064516129032258,edge
IC2574,8.52,2920.8547,positive,63.8,33.90553494637712,2.540789883099584,0.8328445747800586,edge
IC2574,8.81,2503.8219,positive,60.5,34.00629500548391,2.165134088319023,0.8611925708699902,edge
IC2574,9.1,2550.1531,positive,61.0,34.217640187482246,2.1780414672490487,0.8895405669599217,edge
IC2574,9.38,3146.863,positive,66.0,34.77264729640238,2.6025694358869176,0.9169110459433041,edge
IC2574,9.67,2968.9803,positive,65.2,35.80586125203526,2.315789428526613,0.9452590420332355,edge
IC2574,9.96,3219.744399999999,positive,67.1,35.81432115788319,2.5101978255283375,0.9736070381231672,edge
IC2574,10.23,3243.4802,positive,67.5,36.23216526789422,2.470715124616669,1.0,edge
IC4202,0.77,-17104.8164,negative,35.1,135.41353846643253,-0.93281225588742,0.02972972972972973,core
IC4202,1.59,-26819.0681,negative,77.9,181.3490504524355,-0.8154796186698183,0.061389961389961396,core
IC4202,2.36,-21483.7444,negative,115.0,186.30282982284515,-0.6189720997225125,0.09111969111969112,core
IC4202,3.13,-11008.513300000006,negative,156.0,188.001365154618,-0.31146314582297563,0.12084942084942085,core
IC4202,3.95,-1597.8826000000045,negative,192.0,196.11701252058683,-0.041544575875753,0.15250965250965254,core
IC4202,4.73,-211.8689000000013,negative,204.0,204.5186272690094,-0.005065256862751651,0.18262548262548264,core
IC4202,5.5,1019.2220000000016,positive,209.0,206.5472778808765,0.023890752982681625,0.21235521235521237,inner_disk
IC4202,6.27,5448.193499999994,positive,220.0,207.24817610777663,0.12684433889876073,0.24208494208494208,inner_disk
IC4202,7.08,7970.0668,positive,231.0,213.0514801638327,0.175587198546515,0.2733590733590734,inner_disk
IC4202,7.86,5649.036799999994,positive,235.0,222.65660376463129,0.11394709119842159,0.3034749034749035,inner_disk
IC4202,8.66,6249.122999999992,positive,245.0,231.89626344553287,0.1162068077476448,0.3343629343629344,inner_disk
IC4202,9.45,3535.4467000000004,positive,246.0,238.7059976205039,0.06204654913380772,0.36486486486486486,inner_disk
IC4202,10.24,-1920.6024999999936,negative,239.0,242.98477832983693,-0.03252964720935537,0.3953667953667954,inner_disk
IC4202,11.02,-2388.512900000001,negative,240.0,244.9255252112364,-0.039816171205670964,0.4254826254826255,mid_disk
IC4202,11.79,-2496.593300000008,negative,240.0,245.14606523458625,-0.041543008728250286,0.4552123552123552,mid_disk
IC4202,12.47,962.278099999996,positive,246.0,244.0363126667833,0.016158152157405226,0.48146718146718154,mid_disk
IC4202,13.34,-334.3773999999976,negative,241.0,241.6927334447604,-0.005724133180041692,0.5150579150579151,mid_disk
IC4202,14.11,5320.363000000005,positive,250.0,239.12264008244807,0.09304646337646398,0.5447876447876447,mid_disk
IC4202,14.59,2155.5619000000006,positive,242.0,237.5046064816428,0.03821346544250443,0.5633204633204634,mid_disk
IC4202,14.98,3751.894699999997,positive,244.0,236.18659000883176,0.06725741463133224,0.5783783783783785,mid_disk
IC4202,15.75,7025.147700000001,positive,248.0,233.40705280689355,0.12895182999293842,0.6081081081081081,outer_disk
IC4202,16.52,8868.3226,positive,249.0,230.50526544962048,0.16690901031085625,0.6378378378378379,outer_disk
IC4202,17.1,8480.928699999997,positive,246.0,228.11197097039863,0.16298485786835076,0.6602316602316604,outer_disk
IC4202,17.88,7583.857400000001,positive,241.0,224.71569282095095,0.15018389179113678,0.6903474903474903,outer_disk
IC4202,18.65,12030.451099999998,positive,247.0,221.31097781176604,0.24562694016441142,0.7200772200772201,outer_disk
IC4202,19.62,7603.094100000002,positive,234.0,217.1471986924998,0.1612433837296124,0.7575289575289577,outer_disk
IC4202,20.78,16689.468499999995,positive,249.0,212.8650546707937,0.36832717737646975,0.8023166023166024,edge
IC4202,22.13,12226.101500000004,positive,236.0,208.49436083501155,0.28125442943005735,0.8544401544401544,edge
IC4202,23.0,17795.272600000004,positive,245.0,205.49872846321944,0.4213920784153583,0.888030888030888,edge
IC4202,23.58,17618.230300000003,positive,243.0,203.5454978622716,0.4252450636947737,0.9104247104247104,edge
IC4202,25.03,17557.8442,positive,238.0,197.70218966920928,0.4492087758602241,0.9664092664092665,edge
IC4202,25.9,23286.977100000004,positive,247.0,194.2215819624585,0.6173310790286386,1.0,edge
KK98-251,0.25,6.2712,positive,4.25,3.433846240005513,0.5318497536319151,0.07987220447284345,core
KK98-251,0.41,20.318299999999997,positive,6.84,5.14463798532025,0.7676755845892856,0.13099041533546327,core
KK98-251,0.57,45.31360000000001,positive,9.56,6.788225099390856,0.9833680555555557,0.18210862619808305,core
KK98-251,0.74,69.36680000000001,positive,12.3,9.051143574156804,0.8467296199367215,0.23642172523961663,inner_disk
KK98-251,0.9,108.3242,positive,15.1,10.940100547984008,0.905071445401209,0.28753993610223644,inner_disk
KK98-251,1.07,137.1323,positive,17.5,13.004526135157713,0.8108689983366613,0.34185303514377,inner_disk
KK98-251,1.24,163.5947,positive,19.7,14.983167221919402,0.7287221603303055,0.3961661341853035,inner_disk
KK98-251,1.4,201.7615,positive,21.8,16.537185371156724,0.7377600067281342,0.4472843450479233,mid_disk
KK98-251,1.57,275.5438999999999,positive,24.4,17.883402920026153,0.861569820906452,0.501597444089457,mid_disk
KK98-251,1.72,383.8959000000001,positive,27.3,19.01036822368257,1.0622638831126465,0.549520766773163,mid_disk
KK98-251,1.89,515.7995000000001,positive,30.3,20.057180759019943,1.2821567996261416,0.6038338658146964,outer_disk
KK98-251,2.06,629.6051,positive,32.6,20.81237372334064,1.453533366470055,0.65814696485623,outer_disk
KK98-251,2.46,632.7921999999999,positive,33.3,21.81966544198146,1.3291222937808154,0.7859424920127795,outer_disk
KK98-251,2.79,703.1915000000001,positive,34.6,22.22540213359479,1.423555348164914,0.8913738019169329,edge
KK98-251,3.13,711.5294000000001,positive,34.2,21.403518402356188,1.5531825720688415,1.0,edge
NGC0024,0.21,-43.62260000000009,negative,17.4,18.6113567479644,-0.1259376192684046,0.018633540372670808,core
NGC0024,0.32,297.92460000000005,positive,31.0,25.750250484218597,0.44930727335081355,0.02839396628216504,core
NGC0024,0.43,419.0527000000002,positive,36.1,29.73478266273355,0.47395717933901615,0.038154392191659274,core
NGC0024,0.54,947.9728,positive,46.0,34.17641291885384,0.8116016476328635,0.04791481810115351,core
NGC0024,0.64,1987.0302,positive,58.0,37.10754370744579,1.4430455918495817,0.05678793256433008,core
NGC0024,0.74,2421.9372000000003,positive,63.4,39.97027395452776,1.515963092164183,0.06566104702750665,core
NGC0024,0.85,3274.656300000001,positive,71.9,43.5310659184909,1.7280930399513195,0.07542147293700088,core
NGC0024,0.96,3605.157500000001,positive,76.4,47.24195698740686,1.6153568696154796,0.08518189884649512,core
NGC0024,1.07,3537.5439999999985,positive,78.1,50.61685490031952,1.3807388256196362,0.09494232475598936,core
NGC0024,1.17,3627.5763000000006,positive,80.5,53.410426884644906,1.271640811916204,0.10381543921916593,core
NGC0024,1.28,3668.8567,positive,82.8,56.45337279560894,1.1512004785214909,0.11357586512866016,core
NGC0024,1.38,3830.8714999999984,positive,85.6,59.131112791828976,1.0956339481740032,0.12244897959183673,core
NGC0024,1.48,3901.5087,positive,88.0,61.98783187045664,1.0153591499348353,0.1313220940550133,core
NGC0024,1.59,4310.343,positive,92.0,64.44887120811349,1.0377224214710072,0.14108251996450755,core
NGC0024,1.7,4093.625499999999,positive,92.4,66.66434204280426,0.9211299748016175,0.15084294587400177,core
NGC0024,1.8,4420.509499999999,positive,95.1,67.9963271066901,0.9560958196068109,0.15971606033717836,core
NGC0024,1.91,4508.3415,positive,96.5,69.31023373211202,0.9384736407864557,0.16947648624667258,core
NGC0024,2.02,5303.757499999999,positive,101.0,69.98030079958217,1.0830089586129334,0.17923691215616683,core
NGC0024,2.13,5005.557900000002,positive,99.9,70.52979583126553,1.006253110769727,0.18899733806566105,core
NGC0024,2.23,5592.5582,positive,103.0,70.82684378115405,1.114845626236509,0.19787045252883761,core
NGC0024,2.34,5722.6848,positive,104.0,71.36746597715236,1.1235677697700703,0.20763087843833186,inner_disk
NGC0024,2.44,6309.0411,positive,107.0,71.6935066794755,1.227449717545407,0.21650399290150843,inner_disk
NGC0024,2.54,6293.0139,positive,107.0,71.80519549447658,1.2205257690667555,0.22537710736468503,inner_disk
NGC0024,2.65,6063.7511,positive,106.0,71.91834884089039,1.172362586804359,0.23513753327417924,inner_disk
NGC0024,2.76,6271.8671,positive,107.0,71.95229600228195,1.2114556881473915,0.24489795918367346,inner_disk
NGC0024,7.07,7397.3735,positive,104.0,58.469021712356366,2.1638437249579616,0.6273291925465839,outer_disk
NGC0024,8.49,8396.0463,positive,106.0,53.29121597411716,2.956402528675028,0.7533274179236913,outer_disk
NGC0024,9.91,9512.2198,positive,109.0,48.670116087800736,4.0156616472900275,0.8793256433007987,edge
NGC0024,11.27,10074.9271,positive,110.0,45.00080999271013,4.9750935386079185,1.0,edge
NGC0055,1.23,-118.88250000000004,negative,28.7,30.701343618806,-0.12612557654716222,0.09111111111111111,core
NGC0055,1.84,1.220600000000104,positive,37.6,37.58376511207998,0.0008641174893954135,0.1362962962962963,core
NGC0055,2.46,56.68309999999974,positive,43.1,42.43732908654832,0.031474403541864884,0.18222222222222223,core
NGC0055,3.07,385.3184000000001,positive,50.1,46.09437709742914,0.18135262548221123,0.2274074074074074,inner_disk
NGC0055,3.68,975.6947,positive,58.1,48.98893038228126,0.40655380629474713,0.2725925925925926,inner_disk
NGC0055,4.3,1532.761199999999,positive,64.6,51.38481098534858,0.5805036723997902,0.3185185185185185,inner_disk
NGC0055,4.91,1896.5817999999997,positive,68.5,52.87407871537811,0.678400176387169,0.3637037037037037,inner_disk
NGC0055,5.52,2314.8962,positive,72.3,53.96659892933776,0.7948431287005213,0.40888888888888886,mid_disk
NGC0055,6.14,2505.2030000000004,positive,74.2,54.776244851212645,0.8349460428597569,0.4548148148148148,mid_disk
NGC0055,6.75,3149.005100000001,positive,78.9,55.46354568543197,1.0236655887259014,0.5,mid_disk
NGC0055,7.37,3617.147500000001,positive,82.4,56.32594872702989,1.1401163867317552,0.5459259259259259,mid_disk
NGC0055,7.98,3844.53,positive,84.3,57.11357106677887,1.1785950778059817,0.5911111111111111,mid_disk
NGC0055,8.59,3933.743,positive,85.4,57.96047791383367,1.170960020741694,0.6362962962962962,outer_disk
NGC0055,9.21,3874.1755,positive,85.3,58.32593334015324,1.1388221250122543,0.6822222222222223,outer_disk
NGC0055,9.82,4137.8828,positive,86.8,58.27827382481399,1.2183296856997257,0.7274074074074074,outer_disk
NGC0055,10.43,3922.600600000001,positive,85.4,58.0565190138024,1.1637832580550282,0.7725925925925926,outer_disk
NGC0055,11.05,3994.493500000001,positive,85.4,57.43401866489929,1.2109419063733786,0.8185185185185185,edge
NGC0055,11.66,4186.2246000000005,positive,86.2,56.95801436145751,1.2903658000020592,0.8637037037037038,edge
NGC0055,12.28,4160.3578,positive,86.1,57.033781217801085,1.2789876527436446,0.9096296296296296,edge
NGC0055,12.89,4331.776700000001,positive,87.4,57.50637616821286,1.3098876852507848,0.9548148148148149,edge
NGC0055,13.5,4048.6179,positive,86.5,58.597202151638605,1.1791064919273093,1.0,edge
NGC0100,0.23,-47.8724,negative,6.81,9.708166665236028,-0.5079380573696132,0.02390852390852391,core
NGC0100,0.69,-168.7378,negative,20.0,23.8482242525518,-0.29668821027897224,0.07172557172557173,core
NGC0100,1.15,-128.1944000000001,negative,33.0,34.888313229504234,-0.10531957754652838,0.11954261954261955,core
NGC0100,1.59,63.32100000000037,positive,42.7,41.9519844584258,0.03597847462086002,0.1652806652806653,core
NGC0100,2.05,293.75359999999955,positive,49.9,46.864233696925,0.13375196083663066,0.2130977130977131,inner_disk
NGC0100,2.51,536.8370000000004,positive,55.5,50.43226149995655,0.2110695353055129,0.2609147609147609,inner_disk
NGC0100,2.97,954.6706999999996,positive,61.9,53.637107490989855,0.33183553785788933,0.3087318087318088,inner_disk
NGC0100,3.42,1473.3975000000005,positive,67.9,56.00903944900323,0.46968174337845336,0.35550935550935553,inner_disk
NGC0100,3.88,2166.5226999999986,positive,73.1,56.365657097207695,0.6819210476211964,0.40332640332640335,mid_disk
NGC0100,4.34,2672.6722999999997,positive,76.1,55.843868956224725,0.857027413842071,0.45114345114345117,mid_disk
NGC0100,4.79,2990.1851999999994,positive,77.8,55.34125766550666,0.9763376532020519,0.497920997920998,mid_disk
NGC0100,5.24,3240.3596000000007,positive,79.0,54.77810146399744,1.0798893462875465,0.5446985446985447,mid_disk
NGC0100,5.7,3301.754,positive,78.5,53.48360496451226,1.1542592613309017,0.5925155925155926,mid_disk
NGC0100,6.16,3656.734,positive,79.8,52.07020261147444,1.3486983763544211,0.6403326403326404,outer_disk
NGC0100,7.16,4509.206000000002,positive,83.4,49.46063080875536,1.8432352799308696,0.7442827442827443,outer_disk
NGC0100,7.52,4787.514799999999,positive,84.6,48.679001633147735,2.0203508947246616,0.7817047817047817,outer_disk
NGC0100,7.98,5131.672299999998,positive,86.1,47.76544462265583,2.2492165262051107,0.8295218295218296,edge
NGC0100,8.44,5445.465,positive,87.5,47.0189855271251,2.4631363972525597,0.8773388773388774,edge
NGC0100,8.9,5774.094300000001,positive,89.0,46.33471376840478,2.689496003480731,0.9251559251559253,edge
NGC0100,9.35,6078.902000000001,positive,90.4,45.75213656213226,2.904038584828054,0.971933471933472,edge
NGC0100,9.62,6239.968700000001,positive,91.2,45.579285865401616,3.0036365363988433,1.0,edge
NGC0247,1.08,696.9707000000001,positive,34.6,22.36491225111335,1.3934138535150595,0.07427785419532326,core
NGC0247,1.61,1313.2547,positive,47.0,29.9290043269067,1.4661028084657548,0.11072902338376893,core
NGC0247,2.15,2269.2175,positive,59.1,34.97988707814821,1.8545532928650676,0.14786795048143053,core
NGC0247,2.7,2641.1307000000006,positive,64.4,38.81017005889049,1.7534718651403214,0.18569463548830814,core
NGC0247,3.22,2744.952300000001,positive,67.4,42.40056249626885,1.5268330978891682,0.22145804676753786,inner_disk
NGC0247,3.77,2791.5435,positive,69.8,45.61245992050856,1.3417679385665873,0.2592847317744154,inner_disk
NGC0247,4.31,2741.8306,positive,71.3,48.3927618554676,1.1707921491785545,0.296423658872077,inner_disk
NGC0247,4.85,2789.015500000001,positive,73.2,50.68751818741967,1.0855476039559802,0.33356258596973865,inner_disk
NGC0247,5.38,2900.8179,positive,75.1,52.3372916762035,1.0590049160845636,0.37001375515818435,inner_disk
NGC0247,5.92,3255.3011,positive,78.5,53.916128384742166,1.1198343046209034,0.40715268225584594,mid_disk
NGC0247,6.46,3553.999100000001,positive,81.4,55.42527311615162,1.1569154737614016,0.4442916093535076,mid_disk
NGC0247,6.99,3734.0027,positive,83.5,56.90559990018557,1.153093743025741,0.4807427785419533,mid_disk
NGC0247,7.53,4161.185499999999,positive,87.1,58.5254175551102,1.2148650402331282,0.5178817056396149,mid_disk
NGC0247,8.07,4643.865,positive,90.7,59.8550332052368,1.296218554830606,0.5550206327372765,mid_disk
NGC0247,8.62,4921.477899999999,positive,93.1,61.20565415057664,1.3137491601003604,0.592847317744154,mid_disk
NGC0247,9.14,5280.749800000001,positive,95.9,62.578432386885495,1.3484853475950145,0.6286107290233839,outer_disk
NGC0247,9.69,5614.498400000001,positive,98.4,63.78135777795892,1.3801409496847346,0.6664374140302614,outer_disk
NGC0247,10.23,6018.475,positive,101.0,64.67244390001045,1.4389573284080794,0.703576341127923,outer_disk
NGC0247,10.76,6348.5672,positive,103.0,65.27199093026043,1.490122599750899,0.7400275103163687,outer_disk
NGC0247,11.3,6523.323899999999,positive,104.0,65.51851722986412,1.5196403707235207,0.7771664374140304,outer_disk
NGC0247,11.84,6758.6675000000005,positive,105.0,65.3171684934367,1.5841867693153315,0.8143053645116919,edge
NGC0247,12.38,6825.0199,positive,105.0,64.80725345206352,1.6250124375589308,0.8514442916093536,edge
NGC0247,12.91,6944.6795,positive,105.0,63.8773864524841,1.701993630157239,0.8878954607977992,edge
NGC0247,13.48,7317.725899999999,positive,106.0,62.596118889273,1.8675890744856258,0.9270976616231088,edge
NGC0247,14.01,7915.1491,positive,108.0,61.22786048850637,2.11135340165169,0.9635488308115544,edge
NGC0247,14.54,7864.9451,positive,107.0,59.86697670669532,2.194426513946536,1.0,edge
NGC0289,1.5,-5177.802100000004,negative,164.0,179.09160253903588,-0.16143399787329873,0.02109111361079865,core
NGC0289,2.52,-13693.529700000006,negative,194.0,226.5602120849996,-0.2667768393755614,0.03543307086614173,core
NGC0289,3.46,-16013.144999999997,negative,175.0,215.95866502643509,-0.3433486687774567,0.048650168728908885,core
NGC0289,4.32,-14529.422400000003,negative,185.0,220.8040361949935,-0.29801239938389673,0.06074240719910011,core
NGC0289,5.43,-18544.1556,negative,175.0,221.74119058037007,-0.3771501742039271,0.0763498312710911,core
NGC0289,6.38,-16895.332500000004,negative,167.0,211.6230906588409,-0.37725989328969023,0.08970753655793025,core
NGC0289,7.57,-8306.080499999996,negative,176.0,198.1970749027341,-0.21144706172067437,0.10643982002249719,core
NGC0289,10.6,4551.717400000001,positive,185.0,172.25934691621237,0.15339446805929052,0.14904386951631043,core
NGC0289,13.57,9387.334000000004,positive,183.0,155.24711269456833,0.38948900876810777,0.1908042744656918,core
NGC0289,16.64,9535.515000000005,positive,172.0,141.59267283302478,0.4756227216171201,0.233970753655793,inner_disk
NGC0289,19.71,7983.209899999998,positive,161.0,133.93203537615636,0.4450498001980745,0.27713723284589425,inner_disk
NGC0289,22.68,7601.946300000003,positive,156.0,129.36017045443313,0.45428002301677844,0.3188976377952756,inner_disk
NGC0289,25.75,9830.3464,positive,159.0,124.3006580835355,0.636241459714041,0.3620641169853768,inner_disk
NGC0289,28.72,15677.1567,positive,173.0,119.3810843475632,1.1000090563723781,0.4038245219347581,mid_disk
NGC0289,31.79,17524.947799999998,positive,177.0,117.49064728734795,1.2695509656215291,0.44699100112485934,mid_disk
NGC0289,34.77,18480.7035,positive,179.0,116.4486861239748,1.3628539390713175,0.48889201349831274,mid_disk
NGC0289,37.84,19739.7692,positive,181.0,114.11060774529246,1.5159679989698056,0.532058492688414,mid_disk
NGC0289,40.81,20577.951,positive,182.0,112.0091469479167,1.640193737486599,0.5738188976377953,mid_disk
NGC0289,43.88,21212.6846,positive,182.0,109.138972874038,1.780885140527804,0.6169853768278966,outer_disk
NGC0289,46.85,21115.2035,positive,180.0,106.22992280897132,1.8711195633877835,0.6587457817772778,outer_disk
NGC0289,49.92,20633.11,positive,177.0,103.42093598493489,1.9290690162295987,0.701912260967379,outer_disk
NGC0289,52.99,20426.9078,positive,175.0,100.98560392451984,2.0030126615250654,0.7450787401574803,outer_disk
NGC0289,55.96,19816.7923,positive,172.0,98.82918445479554,2.0289107090453293,0.7868391451068616,outer_disk
NGC0289,59.03,18980.6191,positive,168.0,96.14250308786433,2.053428210450572,0.8300056242969629,edge
NGC0289,62.0,16324.4414,positive,158.0,92.94922592469504,1.8894994704937818,0.8717660292463442,edge
NGC0289,65.07,16881.0267,positive,158.0,89.9053574599423,2.0884674578845877,0.9149325084364452,edge
NGC0289,68.05,19911.9579,positive,166.0,87.43021274136304,2.604899036335763,0.9568335208098987,edge
NGC0289,71.12,19989.5068,positive,165.0,85.06170231073442,2.762701345638746,1.0,edge
NGC0300,0.91,102.09960000000012,positive,33.1,31.52,0.1027665135664409,0.0771186440677966,core
NGC0300,1.36,774.6400000000003,positive,46.7,37.5,0.5508551111111113,0.1152542372881356,core
NGC0300,1.82,1137.8484,positive,53.9,42.04,0.6438118832048858,0.1542372881355932,core
NGC0300,2.27,1318.5148,positive,58.8,46.24851565185633,0.616438012886098,0.1923728813559322,core
NGC0300,2.72,1908.9430999999995,positive,65.6,48.932779401951,0.7972475887553246,0.2305084745762712,inner_disk
NGC0300,3.17,2464.3671999999992,positive,70.8,50.480419966557335,0.9670735409489905,0.26864406779661015,inner_disk
NGC0300,3.63,4121.2832,positive,82.1,51.17740517064146,1.5735332859791291,0.3076271186440678,inner_disk
NGC0300,4.08,4422.9314,positive,84.1,51.47697155039329,1.6691071809855744,0.34576271186440677,inner_disk
NGC0300,4.54,4272.407900000001,positive,83.4,51.799151537452815,1.5923092470233053,0.3847457627118644,inner_disk
NGC0300,4.99,3989.744,positive,81.5,51.50248537692138,1.5041413666924786,0.4228813559322034,mid_disk
NGC0300,5.45,3938.5926,positive,80.8,50.89250828953118,1.5206642936341628,0.461864406779661,mid_disk
NGC0300,5.9,4301.912,positive,82.8,50.53640272120681,1.684429631532291,0.5,mid_disk
NGC0300,6.36,5157.229500000001,positive,88.2,51.20557098597769,1.9668988739747615,0.5389830508474576,mid_disk
NGC0300,6.81,5132.4496,positive,88.5,51.959603539673004,1.9010477959778065,0.5771186440677966,mid_disk
NGC0300,7.26,5070.437900000001,positive,88.4,52.38436885178631,1.8477450037664143,0.6152542372881356,outer_disk
NGC0300,7.71,5069.994200000001,positive,88.2,52.05041594454361,1.8713673746398358,0.6533898305084745,outer_disk
NGC0300,8.17,5421.2763,positive,89.5,50.88195849218071,2.093986624893099,0.6923728813559321,outer_disk
NGC0300,8.62,5597.5375,positive,89.7,49.48285056461481,2.286059825141589,0.7305084745762711,outer_disk
NGC0300,9.07,6443.3559000000005,positive,93.7,48.33564005989784,2.7578914762233695,0.7686440677966101,outer_disk
NGC0300,9.53,7166.264300000001,positive,97.0,47.357530552173,3.1953227034286757,0.8076271186440677,edge
NGC0300,9.96,7138.1576000000005,positive,96.2,46.00306946280868,3.3729702614358077,0.8440677966101695,edge
NGC0300,10.45,6999.98,positive,94.8,44.57645118221055,3.5227824021418574,0.8855932203389829,edge
NGC0300,10.93,6685.305200000001,positive,92.5,43.25441942738337,3.5732241806385745,0.9262711864406779,edge
NGC0300,11.32,6832.6782,positive,92.8,42.18011142706951,3.8403916945608882,0.9593220338983051,edge
NGC0300,11.8,7031.2863,positive,93.5,41.36379697271516,4.10954732704148,1.0,edge
NGC0801,1.17,-18608.652,negative,123.0,183.67812063498477,-0.5515692674759936,0.01955867602808425,core
NGC0801,1.56,-24225.400500000003,negative,142.0,210.68792205534703,-0.5457474132816912,0.026078234704112337,core
NGC0801,1.96,-11989.135300000002,negative,205.0,232.4094131054076,-0.2219629219909034,0.03276496155132063,core
NGC0801,2.73,-18085.85119999999,negative,228.0,264.7071045514268,-0.25811173978916613,0.04563691073219659,core
NGC0801,3.52,-22678.68370000001,negative,238.0,281.64283001702705,-0.2859041404319003,0.05884319625543297,core
NGC0801,10.59,-20549.728900000016,negative,229.0,270.1679642370649,-0.28153889144132144,0.1770310932798395,core
NGC0801,17.65,-10119.211600000002,negative,225.0,246.4634082374096,-0.1665872571799088,0.29505182213306586,inner_disk
NGC0801,24.61,-5217.140199999994,negative,220.0,231.55375229090976,-0.09730358949655422,0.4114008692744901,mid_disk
NGC0801,31.67,-2386.0501000000004,negative,222.0,227.31047072231408,-0.04617859079645057,0.5294215981277165,mid_disk
NGC0801,38.74,3179.7071,positive,219.0,211.61590890100868,0.07100525451778547,0.6476094951521231,outer_disk
NGC0801,45.8,8758.707899999994,positive,214.0,192.45075240175083,0.23648348470918565,0.7656302240053493,outer_disk
NGC0801,52.86,14381.6284,positive,216.0,179.65069329117546,0.4456052182283234,0.8836509528585758,edge
NGC0801,59.82,17151.3238,positive,216.0,171.7692527782548,0.5813086604895532,1.0,edge
NGC0891,0.92,-25033.410099999997,negative,234.0,282.470193294797,-0.31374351644692755,0.05376972530683811,core
NGC0891,2.32,-76732.3289,negative,192.0,337.04054489037367,-0.6754824706311437,0.13559322033898305,core
NGC0891,3.24,-85951.4386,negative,212.0,361.794746506911,-0.656641969493351,0.18936294564582118,core
NGC0891,4.17,-66906.2788,negative,223.0,341.5190753091253,-0.5736367202819256,0.24371712448860317,inner_disk
NGC0891,5.1,-53220.09659999999,negative,222.0,320.16260962204814,-0.5191997038682257,0.29807130333138515,inner_disk
NGC0891,6.03,-42188.866100000014,negative,224.0,303.9158865541583,-0.45676313820802483,0.3524254821741672,inner_disk
NGC0891,6.96,-35403.21400000001,negative,224.0,292.5392520671372,-0.41368940359746686,0.4067796610169492,mid_disk
NGC0891,7.89,-27059.742499999997,negative,226.0,279.5277132951221,-0.3463170840156795,0.46113383985973116,mid_disk
NGC0891,8.8,-23155.7665,negative,226.0,272.4550724431461,-0.3119387775852001,0.5143191116306254,mid_disk
NGC0891,9.73,-15699.728799999995,negative,227.0,259.2850338912757,-0.23352708105942946,0.5686732904734074,mid_disk
NGC0891,10.64,-10749.2246,negative,227.0,249.5560550257196,-0.17260004871750959,0.6218585622443016,outer_disk
NGC0891,11.58,-8446.548800000011,negative,224.0,242.1209383758456,-0.14408361582531545,0.6767971946230275,outer_disk
NGC0891,12.52,-5462.599300000002,negative,220.0,232.08317323752703,-0.10141729829217512,0.7317358270017533,outer_disk
NGC0891,13.46,-3936.794499999996,negative,218.0,226.8497178750725,-0.07650084959337339,0.7866744593804793,outer_disk
NGC0891,14.4,-1333.186900000008,negative,217.0,220.0504189952839,-0.02753256276411605,0.8416130917592052,edge
NGC0891,15.33,1340.0259000000003,positive,216.0,212.87548966473332,0.029570718198464165,0.8959672706019872,edge
NGC0891,16.27,1490.5980999999956,positive,210.0,206.4204493261266,0.0349828449481239,0.9509059029807131,edge
NGC0891,17.11,3150.3839000000007,positive,208.0,200.283838838784,0.07853652216609813,1.0,edge
NGC1003,1.25,-1041.9228999999996,negative,47.0,57.01686504886076,-0.32050064921564264,0.04133597883597884,core
NGC1003,2.08,-673.6317999999992,negative,59.5,64.91441904538621,-0.159860155545891,0.0687830687830688,core
NGC1003,2.9,-601.8041999999996,negative,71.6,75.68595774646707,-0.10505690263199392,0.0958994708994709,core
NGC1003,3.73,-234.35170000000016,negative,77.6,79.09558584396477,-0.037459641265676275,0.12334656084656086,core
NGC1003,4.56,335.1751000000022,positive,83.4,81.36574770749667,0.05062773616077854,0.15079365079365079,core
NGC1003,5.39,1372.3702999999996,positive,89.7,81.69283750733598,0.2056379892610712,0.17824074074074073,core
NGC1003,6.22,2946.391199999999,positive,93.8,76.49868495601739,0.5034802854002173,0.2056878306878307,inner_disk
NGC1003,7.04,4411.4815,positive,99.0,73.41334006840991,0.8185298000183133,0.23280423280423282,inner_disk
NGC1003,7.87,5528.9766,positive,103.0,71.27428287959128,1.0883762070859755,0.2602513227513228,inner_disk
NGC1003,8.7,5243.91,positive,100.0,68.96441111181912,1.1025674451072203,0.2876984126984127,inner_disk
NGC1003,9.54,5233.5978,positive,98.3,66.5529278093759,1.1815878392488985,0.31547619047619047,inner_disk
NGC1003,10.34,5590.459000000002,positive,98.4,63.969531810073455,1.366158606544658,0.3419312169312169,inner_disk
NGC1003,11.21,5078.5047,positive,94.5,62.06243066461384,1.3184944238135372,0.37070105820105825,inner_disk
NGC1003,11.98,5309.8194,positive,94.9,60.79630416398681,1.4365653654332653,0.3961640211640212,inner_disk
NGC1003,12.85,5545.6715,positive,95.3,59.46779380471416,1.568160414272236,0.42493386243386244,mid_disk
NGC1003,13.72,6001.0762,positive,96.9,58.21111405908669,1.7709949359218433,0.4537037037037038,mid_disk
NGC1003,14.49,6188.0942,positive,97.2,57.09418359167596,1.8983364285644602,0.4791666666666667,mid_disk
NGC1003,15.36,6875.3647,positive,100.0,55.8984373663522,2.200373496388523,0.5079365079365079,mid_disk
NGC1003,16.13,7818.875,positive,104.0,54.746004420414096,2.6087917587688203,0.5333994708994709,mid_disk
NGC1003,17.0,7883.6087,positive,104.0,54.15155861099476,2.688457266941147,0.5621693121693122,mid_disk
NGC1003,17.78,8257.7043,positive,105.0,52.60509195885889,2.9840339433187415,0.587962962962963,mid_disk
NGC1003,18.65,9245.5011,positive,109.0,51.33711035888171,3.508064867718215,0.6167328042328042,outer_disk
NGC1003,19.52,9653.2492,positive,110.0,49.46464191723215,3.945334032382865,0.6455026455026455,outer_disk
NGC1003,20.29,9094.4958,positive,107.0,48.5232336103026,3.862594851179286,0.6709656084656085,outer_disk
NGC1003,21.16,8969.9375,positive,106.0,47.603177414958346,3.958380450671594,0.6997354497354498,outer_disk
NGC1003,21.93,9085.0703,positive,106.0,46.37811660686536,4.223787648661877,0.7251984126984127,outer_disk
NGC1003,22.8,9616.415,positive,108.0,45.25024861810154,4.696466813343524,0.7539682539682541,outer_disk
NGC1003,23.67,9957.1411,positive,109.0,43.86181596787802,5.175608824534899,0.7827380952380953,outer_disk
NGC1003,24.44,10187.1623,positive,110.0,43.73600004572892,5.325680427565809,0.8082010582010583,edge
NGC1003,25.31,10251.855,positive,110.0,42.9900569899599,5.547105340760599,0.8369708994708994,edge
NGC1003,26.08,10318.14,positive,110.0,42.2120835780467,5.790656953969447,0.8624338624338624,edge
NGC1003,26.95,10943.5886,positive,113.0,42.72483352805485,5.9951354527532805,0.8912037037037037,edge
NGC1003,27.73,10976.6048,positive,114.0,44.93768129309744,5.435590220279815,0.9169973544973545,edge
NGC1003,28.6,10496.5199,positive,112.0,45.24908949360197,5.126555271526203,0.9457671957671958,edge
NGC1003,29.47,10563.7775,positive,113.0,46.95979663499406,4.790345418659569,0.9745370370370371,edge
NGC1003,30.24,10840.9286,positive,115.0,48.82695362194943,4.547233191086474,1.0,edge
NGC1090,0.35,-1941.4,negative,20.9,48.76689450846752,-0.8163282468747504,0.011631771352608839,core
NGC1090,1.07,-5854.387600000001,negative,61.7,98.2917982336268,-0.6059641221777956,0.03555998670654703,core
NGC1090,1.6,-6450.431299999999,negative,81.3,114.28088772843864,-0.4939028629083254,0.053173811897640415,core
NGC1090,3.7,-5426.281599999995,negative,124.0,144.2299608264524,-0.26085030980447815,0.12296444001329346,core
NGC1090,5.09,457.85029999999824,positive,156.0,154.52556325734588,0.01917444633492679,0.16915918909936856,core
NGC1090,6.61,-181.70820000000091,negative,166.0,166.54641455161982,-0.006550944969563164,0.21967431040212695,inner_disk
NGC1090,8.17,-2347.821,negative,165.0,171.96749983645165,-0.07939117475468438,0.27151877700232635,inner_disk
NGC1090,9.11,1605.1678999999967,positive,174.0,169.32463524248325,0.05598609396481369,0.3027583914921901,inner_disk
NGC1090,10.37,-1048.3866000000053,negative,164.0,167.16574589311054,-0.03751689435902684,0.3446327683615819,inner_disk
NGC1090,11.28,2318.2000000000044,positive,176.0,169.28614828154133,0.08089246208711082,0.3748753738783649,inner_disk
NGC1090,13.62,2075.5260000000017,positive,174.0,167.92996754599818,0.07359897567679187,0.452642073778664,mid_disk
NGC1090,15.04,1577.6757999999973,positive,168.0,163.23701847313924,0.059208008885518144,0.4998338318378199,mid_disk
NGC1090,16.37,2694.6278999999995,positive,166.0,157.67489368951544,0.10838612966176553,0.5440345629777334,mid_disk
NGC1090,17.59,4927.528699999999,positive,167.0,151.53043027722188,0.2145998675616226,0.5845795945496843,mid_disk
NGC1090,18.8,6490.732400000001,positive,167.0,146.28146704213765,0.3033298078765965,0.6247922897972749,outer_disk
NGC1090,20.13,7317.452599999997,positive,165.0,141.09410831072998,0.3675717783296598,0.6689930209371884,outer_disk
NGC1090,21.35,8506.307500000003,positive,165.0,136.81627278946024,0.4544285077603579,0.7095380525091393,outer_disk
NGC1090,22.57,9476.9183,positive,165.0,133.22192649860608,0.5339685978569728,0.75008308408109,outer_disk
NGC1090,23.89,10387.6727,positive,165.0,129.75872725947954,0.6169430881111397,0.7939514788966434,outer_disk
NGC1090,25.11,10430.5551,positive,163.0,127.03717920357016,0.6463172359314496,0.8344965104685942,edge
NGC1090,26.33,10702.6958,positive,162.0,124.66476727608328,0.6886613673001778,0.875041542040545,edge
NGC1090,27.65,11272.811,positive,162.0,122.35681019052434,0.7529669821147804,0.9189099368560983,edge
NGC1090,28.87,11721.1635,positive,162.0,120.51073188724727,0.807085000233942,0.9594549684280492,edge
NGC1090,30.09,11583.3891,positive,160.0,118.391768717255,0.8264044127814092,1.0,edge
NGC1705,0.22,1383.5580000000002,positive,50.2,33.71174869389009,1.2174042351748644,0.03666666666666667,core
NGC1705,0.66,1676.136,positive,62.2,46.8263173867004,0.7644150783689907,0.11,core
NGC1705,1.11,3034.3731000000016,positive,72.4,46.98283622771192,1.3746448798803697,0.18500000000000003,core
NGC1705,1.55,3506.178700000001,positive,73.2,43.03558178995608,1.8931223820723437,0.25833333333333336,inner_disk
NGC1705,2.0,3773.511100000001,positive,72.9,39.2542851164048,2.4489024555731738,0.3333333333333333,inner_disk
NGC1705,2.45,3995.7954999999993,positive,72.6,35.70664503982417,3.1340445165335975,0.4083333333333334,mid_disk
NGC1705,2.89,4041.8588,positive,71.5,32.71683358761969,3.7760575759591455,0.4816666666666667,mid_disk
NGC1705,3.34,4139.6783,positive,71.1,30.25775437801028,4.521611103143669,0.5566666666666666,mid_disk
NGC1705,3.78,4297.774000000001,positive,71.4,28.287559102898925,5.370968749765682,0.63,outer_disk
NGC1705,4.22,4385.264,positive,71.5,26.962677908546105,6.032116161796787,0.7033333333333333,outer_disk
NGC1705,4.66,4440.9204,positive,71.5,25.910028946336592,6.615111861595258,0.7766666666666667,outer_disk
NGC1705,5.11,4455.618799999999,positive,71.3,25.06134872667471,7.094130092257054,0.8516666666666667,edge
NGC1705,5.56,4565.219999999999,positive,71.8,24.29032729297817,7.737398732246361,0.9266666666666666,edge
NGC1705,6.0,4529.5603,positive,71.5,24.13896642360646,7.773537613587472,1.0,edge
NGC2366,0.12,1.825899999999999,positive,4.2,3.9766946073340863,0.1154602538241189,0.019801980198019802,core
NGC2366,0.36,-37.17279999999998,negative,9.41,11.2125331660602,-0.29567717062159105,0.05940594059405941,core
NGC2366,0.59,-21.07729999999998,negative,15.3,15.973956929953204,-0.08260188511615706,0.09735973597359736,core
NGC2366,0.83,-66.29850000000005,negative,18.4,20.121095894607727,-0.16375721394017925,0.13696369636963696,core
NGC2366,1.07,11.110999999999876,positive,23.4,23.16136869876217,0.02071212734108904,0.1765676567656766,core
NGC2366,1.31,151.42500000000018,positive,28.1,25.26232372526328,0.2372744580333292,0.2161716171617162,inner_disk
NGC2366,1.54,409.6935000000002,positive,33.1,26.190007636501367,0.5972935481213825,0.25412541254125415,inner_disk
NGC2366,1.79,655.3507,positive,37.5,27.40254185290117,0.8727544425730583,0.2953795379537954,inner_disk
NGC2366,2.02,823.7995,positive,40.5,28.573597953355478,1.0090011580616334,0.33333333333333337,inner_disk
NGC2366,2.26,932.4138999999998,positive,42.3,29.2724460884293,1.0881548685976885,0.3729372937293729,inner_disk
NGC2366,2.49,1184.9615,positive,45.2,29.29297697401205,1.3809476638792368,0.410891089108911,mid_disk
NGC2366,2.74,1383.4286999999997,positive,47.4,29.382499893644177,1.6024308397019773,0.45214521452145223,mid_disk
NGC2366,2.97,1430.2015,positive,48.1,29.72218868118564,1.6189582735506851,0.49009900990099015,mid_disk
NGC2366,3.21,1479.9430999999995,positive,48.8,30.02493796829562,1.6416507921435997,0.5297029702970297,mid_disk
NGC2366,3.44,1655.6368000000002,positive,50.7,30.24654029802417,1.809729473537394,0.5676567656765676,mid_disk
NGC2366,3.69,1794.7323000000004,positive,52.1,30.32618835264333,1.9514796324842933,0.6089108910891089,outer_disk
NGC2366,3.92,1884.6551,positive,53.0,30.403040966324404,2.038908961362799,0.6468646864686469,outer_disk
NGC2366,4.16,1968.5602000000008,positive,53.7,30.25111237624164,2.15112675819321,0.6864686468646866,outer_disk
NGC2366,4.4,1713.509100000001,positive,51.2,30.13189174280301,1.8872681830742852,0.7260726072607262,outer_disk
NGC2366,4.64,1759.4254999999998,positive,51.6,30.052196259175467,1.9481323103037256,0.7656765676567657,outer_disk
NGC2366,4.87,1736.4252,positive,51.5,30.262597376960223,1.8960233442029528,0.8036303630363038,edge
NGC2366,5.11,1615.2742999999998,positive,50.4,30.41193351301426,1.7464582920894982,0.8432343234323434,edge
NGC2366,5.35,1433.397,positive,48.5,30.312588144201744,1.5599851118731722,0.8828382838283828,edge
NGC2366,5.59,1596.6918,positive,50.0,30.05508609204106,1.7676046780046948,0.9224422442244224,edge
NGC2366,5.82,1522.6716,positive,49.0,29.636605743573263,1.733601691576864,0.9603960396039605,edge
NGC2366,6.06,1576.2106999999996,positive,49.4,29.39641644826797,1.8240027504506457,1.0,edge
NGC2683,2.89,-13944.133699999991,negative,189.0,222.856756011569,-0.28076303557801546,0.08347775852108609,core
NGC2683,5.77,-12087.86080000001,negative,212.0,238.81344350768867,-0.21194926187644236,0.16666666666666666,core
NGC2683,8.66,282.24259999999776,positive,206.0,205.3138022637543,0.00669555022869676,0.25014442518775276,inner_disk
NGC2683,11.54,3166.732299999996,positive,200.0,191.9199512817779,0.08597478577769509,0.3333333333333333,inner_disk
NGC2683,14.43,1862.1152,positive,172.0,166.49890329969145,0.06717130575479484,0.41681109185441945,mid_disk
NGC2683,17.31,13560.579000000002,positive,190.0,150.1313458275786,0.6016383029537449,0.5,mid_disk
NGC2683,20.2,9724.133899999995,positive,169.0,137.24746300023182,0.516228859321774,0.5834777585210861,mid_disk
NGC2683,23.08,6368.373099999999,positive,150.0,127.01034170491788,0.3947756255136299,0.6666666666666666,outer_disk
NGC2683,28.85,12963.4231,positive,160.0,112.4125299955481,1.0258650900941375,0.8333333333333335,edge
NGC2683,31.74,12610.9266,positive,155.0,106.83666692666895,1.1048576750873182,0.9168110918544194,edge
NGC2683,34.62,12380.341000000002,positive,151.0,102.0816291014206,1.1880573963700376,1.0,edge
NGC2841,3.44,-2835.134900000005,negative,285.0,289.9312589218348,-0.03372746074429634,0.05405405405405405,core
NGC2841,3.77,6367.635699999999,positive,297.0,286.07929722368937,0.0778046132840432,0.0592394720301697,core
NGC2841,4.13,11025.0631,positive,303.0,284.22515177232293,0.1364759322592509,0.06489629164047768,core
NGC2841,4.47,13669.705000000002,positive,306.0,282.78312361242496,0.1709433330630111,0.07023884349465745,core
NGC2841,4.8,14935.702700000023,positive,307.0,281.6261658653187,0.18831271941079702,0.0754242614707731,core
NGC2841,5.13,13425.862300000008,positive,304.0,281.0518416591501,0.1699688428318819,0.08060967944688875,core
NGC2841,5.48,15896.372400000022,positive,308.0,281.0117926351134,0.2013023929314552,0.08610936517913263,core
NGC2841,5.83,19259.2206,positive,313.0,280.55263213878425,0.2446865020688903,0.0916090509113765,core
NGC2841,6.16,20065.1146,positive,314.0,280.233626461922,0.25550602795062843,0.09679446888749214,core
NGC2841,6.51,19484.243099999992,positive,315.0,282.3840592172299,0.24434484769732595,0.10229415461973601,core
NGC2841,6.86,19617.25870000001,positive,317.0,284.37957257862246,0.2425724781568418,0.10779384035197989,core
NGC2841,7.18,20891.242200000008,positive,320.0,285.497386678057,0.256306718000308,0.11282212445003142,core
NGC2841,7.51,17692.915100000013,positive,316.0,286.64103840866886,0.21533898248263095,0.11800754242614707,core
NGC2841,7.85,17825.87909999999,positive,318.0,288.61413842707015,0.21400097514084485,0.12335009428032684,core
NGC2841,8.21,18986.89640000001,positive,321.0,289.92085747665686,0.2258889880065298,0.12900691389063484,core
NGC2841,8.57,20322.0946,positive,323.0,289.8394476257502,0.24190981090466404,0.1346637335009428,core
NGC2841,8.9,19443.439199999997,positive,321.0,289.1324277904504,0.23258381002906003,0.13984915147705845,core
NGC2841,9.24,21684.4227,positive,323.0,287.4796989354205,0.2623816759481447,0.1451917033312382,core
NGC2841,9.6,22860.415400000013,positive,323.0,285.42702149586324,0.2806040575301712,0.1508485229415462,core
NGC2841,9.93,22982.17710000001,positive,322.0,284.0806626646734,0.28477890925063626,0.15603394091766185,core
NGC2841,10.27,22845.2539,positive,321.0,283.18853454898203,0.28486864966020936,0.1613764927718416,core
NGC2841,10.6,24676.400800000003,positive,323.0,282.22792065988085,0.3098003209919106,0.16656191074795726,core
NGC2841,10.93,24557.10519999999,positive,322.0,281.29503159494305,0.3103509276090029,0.17174732872407292,core
NGC2841,11.27,24578.307499999995,positive,321.0,280.11192852143944,0.31324833136461633,0.17708988057825267,core
NGC2841,12.31,29153.567099999986,positive,323.0,274.1813868591375,0.38780710632928034,0.1934318038969202,core
NGC2841,14.35,35388.3539,positive,319.0,257.62889220737645,0.5331767825962871,0.22548711502199872,inner_disk
NGC2841,16.4,36806.945900000006,positive,308.0,240.95031458788344,0.6339788759622926,0.2576995600251414,inner_disk
NGC2841,18.48,37558.0117,positive,299.0,227.6905538225071,0.7244569214001115,0.2903834066624764,inner_disk
NGC2841,20.57,42289.2515,positive,299.0,217.0524095696705,0.8976370618042336,0.32322438717787555,inner_disk
NGC2841,22.51,44613.0026,positive,298.0,210.21654882525303,1.0095495740044105,0.35370835952231305,inner_disk
NGC2841,24.59,46623.5693,positive,296.0,202.4658753963245,1.137370204787588,0.38639220615964803,inner_disk
NGC2841,26.68,48584.4875,positive,293.0,193.0401836406089,1.3037735969308601,0.4192331866750471,mid_disk
NGC2841,28.77,49565.503,positive,289.0,184.27017392947775,1.459719555864549,0.45207416719044624,mid_disk
NGC2841,30.7,52027.9214,positive,289.0,177.4628935862368,1.6520430428799044,0.4824010056568196,mid_disk
NGC2841,32.79,53445.7807,positive,288.0,171.75045647683152,1.811830746678326,0.5152419861722187,mid_disk
NGC2841,34.88,53159.2911,positive,285.0,167.52823314295412,1.8941011356388728,0.5480829666876179,mid_disk
NGC2841,36.96,53084.11750000001,positive,283.0,164.3316235543238,1.9657229576910775,0.5807668133249528,mid_disk
NGC2841,38.9,49490.8919,positive,275.0,161.66047166824671,1.8937279860719642,0.6112507856693903,outer_disk
NGC2841,40.99,48838.5989,positive,272.0,158.5730150435439,1.9422477575829957,0.6440917661847895,outer_disk
NGC2841,43.08,49305.2392,positive,271.0,155.35688204904216,2.0428292941981763,0.6769327467001885,outer_disk
NGC2841,45.16,52052.4254,positive,274.0,151.7352121295515,2.260831617345814,0.7096165933375235,outer_disk
NGC2841,47.1,54865.2965,positive,277.0,147.8638005057357,2.509423735095931,0.740100565681961,outer_disk
NGC2841,49.19,58253.4887,positive,281.0,143.90104690376648,2.8131574024542485,0.7729415461973601,outer_disk
NGC2841,51.27,62025.7318,positive,286.0,140.6067857537466,3.1373237415160613,0.8056253928346953,edge
NGC2841,53.36,60406.5874,positive,282.0,138.26573183547686,3.1597679384709205,0.8384663733500942,edge
NGC2841,55.3,61303.066900000005,positive,283.0,137.06178570265308,3.2632431177986048,0.8689503456945317,edge
NGC2841,57.38,64400.6357,positive,288.0,136.17402211875802,3.4729747341478916,0.9016341923318668,edge
NGC2841,59.47,64034.68060000001,positive,287.0,135.4042813207913,3.492612908227181,0.9344751728472659,edge
NGC2841,61.56,65501.6198,positive,289.0,134.23628496051282,3.6350650839810794,0.967316153362665,edge
NGC2841,63.64,68838.3099,positive,294.0,132.65628556536626,3.9117810069856835,1.0,edge
NGC2903,0.32,-37196.7525,negative,44.0,197.82000025275505,-0.9505273747355235,0.01282051282051282,core
NGC2903,0.64,-37597.557,negative,64.0,204.19000220382972,-0.9017594013386772,0.02564102564102564,core
NGC2903,0.96,-27342.9985,negative,128.0,209.11001530295005,-0.6253115795267769,0.03846153846153846,core
NGC2903,1.28,-26105.197000000007,negative,148.0,219.11001118159805,-0.5437540852849506,0.05128205128205128,core
NGC2903,1.6,-26412.0192,negative,157.0,225.96685420654063,-0.5172638465469566,0.06410256410256411,core
NGC2903,1.92,-18139.009300000005,negative,189.0,232.0775932743185,-0.33678065666431295,0.07692307692307691,core
NGC2903,2.24,-25174.3205,negative,195.0,251.39475034296163,-0.3983321387134217,0.08974358974358974,core
NGC2903,2.56,-37394.79249999998,negative,201.0,278.9189712084855,-0.4806788554792343,0.10256410256410256,core
NGC2903,2.88,-39531.45370000001,negative,214.0,292.1086333883338,-0.4632911447116112,0.11538461538461538,core
NGC2903,3.2,-44349.60099999998,negative,215.0,300.95614464569417,-0.48964721357149543,0.12820512820512822,core
NGC2903,3.52,-43082.436500000025,negative,215.0,298.84349833985016,-0.4824059248414326,0.14102564102564102,core
NGC2903,3.84,-37600.4045,negative,216.0,290.2695376714546,-0.4462616785410063,0.15384615384615383,core
NGC2903,4.8,-30250.670899999983,negative,214.0,275.7656086244258,-0.39779086371550804,0.1923076923076923,core
NGC2903,5.76,-22033.549800000008,negative,210.0,257.16444116557017,-0.3331675052470873,0.23076923076923075,inner_disk
NGC2903,6.72,-14654.545000000006,negative,205.0,238.07466265858704,-0.2585508581623229,0.2692307692307692,inner_disk
NGC2903,7.68,-8430.212999999996,negative,203.0,222.7985929039948,-0.1698297070100607,0.30769230769230765,inner_disk
NGC2903,8.64,-4172.128100000002,negative,201.0,211.1234901663005,-0.09360186905975762,0.34615384615384615,inner_disk
NGC2903,9.6,-59.547200000000885,negative,201.0,201.1480728219885,-0.0014717349151422473,0.3846153846153846,inner_disk
NGC2903,10.56,2507.6699999999983,positive,199.0,192.5962876070045,0.06760433749140339,0.4230769230769231,mid_disk
NGC2903,11.52,4448.743499999997,positive,197.0,185.36519765047592,0.12947352415719005,0.4615384615384615,mid_disk
NGC2903,12.48,6671.810400000002,positive,196.0,178.16899169047346,0.21017422350577197,0.5,mid_disk
NGC2903,13.44,7916.414199999996,positive,193.0,171.26758537446602,0.26988463458274425,0.5384615384615384,mid_disk
NGC2903,14.4,8869.575,positive,190.0,165.01643857507045,0.32572297347544155,0.5769230769230769,mid_disk
NGC2903,15.36,10015.737400000002,positive,188.0,159.14855513010477,0.3954372061824723,0.6153846153846153,outer_disk
NGC2903,16.32,11223.5351,positive,187.0,154.09563556441174,0.4726601541501089,0.6538461538461539,outer_disk
NGC2903,17.28,13049.551199999994,positive,188.0,149.3132572814618,0.5853273753060892,0.6923076923076923,outer_disk
NGC2903,18.24,13558.399999999994,positive,186.0,145.0434417683199,0.6444841616914473,0.7307692307692307,outer_disk
NGC2903,19.2,14304.086000000005,positive,185.0,141.1414680382771,0.7180436600449158,0.7692307692307692,outer_disk
NGC2903,20.16,15317.799,positive,185.0,137.50345813833192,0.8101568814971608,0.8076923076923077,edge
NGC2903,21.12,14752.917500000003,positive,181.0,134.19419696842334,0.8192386668597282,0.8461538461538461,edge
NGC2903,22.08,14473.1214,positive,178.0,131.19023820391516,0.8409286786788445,0.8846153846153845,edge
NGC2903,23.04,14859.0011,positive,177.0,128.33549353160254,0.9021859193931097,0.923076923076923,edge
NGC2903,24.0,17284.079100000003,positive,182.0,125.8567475346475,1.0911720588200666,0.9615384615384615,edge
NGC2903,24.96,17150.675500000005,positive,180.0,123.48815530244184,1.124684276998631,1.0,edge
NGC2915,0.34,-1839.6448000000005,negative,13.5,44.96548454092317,-0.9098617791588365,0.03386454183266933,core
NGC2915,0.67,-1468.0869000000002,negative,31.3,49.47501288529393,-0.5997633607866796,0.06673306772908368,core
NGC2915,1.0,-1053.3520000000003,negative,35.3,47.95249732808501,-0.458090267116979,0.09960159362549802,core
NGC2915,1.34,482.7091999999998,positive,50.5,45.47021882507275,0.23347021737128462,0.13346613545816735,core
NGC2915,1.68,1909.2235,positive,61.0,42.56496799012071,1.0537853316896426,0.16733067729083667,core
NGC2915,2.01,2822.7363000000005,positive,66.5,39.99392078803977,1.7647465601576282,0.20019920318725098,inner_disk
NGC2915,2.34,4106.4728000000005,positive,74.4,37.80062433346836,2.8738957140913564,0.23306772908366535,inner_disk
NGC2915,2.67,5601.2508,positive,83.0,35.88522258534841,4.349644169843011,0.2659362549800797,inner_disk
NGC2915,3.01,6310.3955000000005,positive,86.4,33.97888314821427,5.465606728770892,0.299800796812749,inner_disk
NGC2915,3.35,5947.477099999999,positive,83.6,32.27201419186599,5.7105854546435655,0.33366533864541836,inner_disk
NGC2915,3.68,5400.8168,positive,79.8,31.10021221792546,5.583837112261161,0.36653386454183273,inner_disk
NGC2915,4.02,5938.3622,positive,82.8,30.28989600510375,6.472485982767102,0.40039840637450197,mid_disk
NGC2915,4.35,6086.433,positive,83.5,29.762677970908463,6.870982381236757,0.43326693227091634,mid_disk
NGC2915,4.68,5604.2615000000005,positive,80.4,29.32402598552934,6.517352338677182,0.4661354581673307,mid_disk
NGC2915,5.02,5620.550399999999,positive,80.3,28.766988024469992,6.791880896092464,0.5,mid_disk
NGC2915,5.35,5950.630399999999,positive,82.1,28.10301763156405,7.534545587148617,0.5328685258964143,mid_disk
NGC2915,5.69,6042.181100000001,positive,82.4,27.34188910810663,8.082332313017394,0.5667330677290837,mid_disk
NGC2915,6.03,5833.788800000001,positive,80.9,26.664980780041823,8.204802894766011,0.600597609561753,outer_disk
NGC2915,6.36,5548.755,positive,79.0,26.310549215096213,8.01559418991831,0.6334661354581674,outer_disk
NGC2915,6.69,5938.122200000001,positive,81.4,26.22666200643917,8.633026856040772,0.6663346613545817,outer_disk
NGC2915,7.02,5656.8751,positive,79.7,26.366928148724494,8.13687264182629,0.6992031872509961,outer_disk
NGC2915,7.36,5304.573,positive,77.5,26.48918647297421,7.559850187479426,0.7330677290836655,outer_disk
NGC2915,7.7,5696.950700000001,positive,79.9,26.211816037810124,8.291788932920348,0.7669322709163348,outer_disk
NGC2915,8.03,5959.114,positive,81.5,26.136870508919003,8.723173716507402,0.799800796812749,outer_disk
NGC2915,8.37,6073.028600000001,positive,82.2,26.149787762045023,8.881145590728678,0.8336653386454184,edge
NGC2915,8.7,6041.9366,positive,82.0,26.11634354192792,8.858321088626068,0.8665338645418327,edge
NGC2915,9.03,6488.0412,positive,84.7,26.192533287179383,9.457113254917141,0.899402390438247,edge
NGC2915,9.37,6730.151899999999,positive,86.1,26.135380234463774,9.85297136510057,0.9332669322709163,edge
NGC2915,9.7,6591.759599999999,positive,85.3,26.15970947850912,9.632422584178636,0.9661354581673307,edge
NGC2915,10.04,6807.6839,positive,86.5,25.97241036176658,10.091944881309628,1.0,edge
NGC2955,0.75,-907.9544999999962,negative,169.0,171.66523963808163,-0.030810543346558035,0.021168501270110076,core
NGC2955,1.55,-14618.677000000003,negative,203.0,236.27881199972205,-0.2618535784678987,0.043748235958227494,core
NGC2955,2.3,-17959.108899999992,negative,232.0,267.9236997729017,-0.25018572161618924,0.06491673722833756,core
NGC2955,3.06,-23662.807700000005,negative,256.0,298.6616943968544,-0.26528165914038326,0.08636748518204912,core
NGC2955,3.85,-37416.8965,negative,248.0,314.5169256176844,-0.3782506813411258,0.10866497318656507,core
NGC2955,4.61,-39216.3058,negative,253.0,321.28695242726553,-0.3799098050237988,0.1301157211402766,core
NGC2955,5.36,-31674.981100000005,negative,269.0,322.5460914350072,-0.30446179067176593,0.1512842224103867,core
NGC2955,6.12,-32081.35490000001,negative,268.0,322.34353553313275,-0.30875554903667435,0.17273497036409824,core
NGC2955,6.91,-36609.8529,negative,260.0,322.81550907600456,-0.35130893942563085,0.1950324583686142,core
NGC2955,7.66,-45508.3909,negative,245.0,324.8590323509568,-0.4312226728611636,0.21620095963872424,inner_disk
NGC2955,8.42,-43185.679,negative,247.0,322.7920057870083,-0.4144710595058314,0.23765170759243578,inner_disk
NGC2955,8.86,-31079.304200000013,negative,267.0,319.9504714795714,-0.30360280404058904,0.25007056167090036,inner_disk
NGC2955,9.21,-35506.609800000006,negative,255.0,317.06720076349745,-0.35318851325108297,0.2599491955969518,inner_disk
NGC2955,10.82,-28917.553400000004,negative,253.0,304.838569410106,-0.3111871939931434,0.30539091165678806,inner_disk
NGC2955,11.56,-16435.472800000003,negative,271.0,299.7940506414362,-0.18286735435839224,0.32627716624329667,inner_disk
NGC2955,12.4,-10448.186599999986,negative,276.0,294.3198712285665,-0.12061511928817338,0.34998588766581995,inner_disk
NGC2955,14.17,-8043.730899999995,negative,275.0,289.25547687122537,-0.09613783803669473,0.3999435506632797,inner_disk
NGC2955,16.88,-1497.8770000000077,negative,275.0,277.71005923444693,-0.019421954396229374,0.47643240191927744,mid_disk
NGC2955,19.49,1871.52429999999,positive,276.0,272.5884731605502,0.02518723512101963,0.5500987863392605,mid_disk
NGC2955,22.19,3188.2140999999974,positive,267.0,260.96127279732525,0.046816113174987566,0.6263053909116568,outer_disk
NGC2955,24.8,3544.703100000006,positive,257.0,250.00859365229823,0.05671135067195689,0.6999717753316399,outer_disk
NGC2955,27.51,7432.777799999996,positive,254.0,238.9209538738702,0.13020949963122433,0.7764606265876376,outer_disk
NGC2955,30.12,8840.638600000006,positive,248.0,229.4849916661218,0.16787076185380007,0.8501270110076207,edge
NGC2955,35.43,5691.797899999998,positive,227.0,214.09624494605225,0.12417419997805663,1.0,edge
NGC2976,0.11,-98.40400000000004,negative,6.8,12.02680339907492,-0.68031857526064,0.048458149779735685,core
NGC2976,0.17,-151.2412,negative,9.5,15.5399871299818,-0.6262803779185329,0.07488986784140969,core
NGC2976,0.24,-191.1313,negative,14.0,19.675652466945028,-0.49371182335295555,0.10572687224669602,core
NGC2976,0.31,-150.6169999999999,negative,19.8,23.29499946340416,-0.27755469845593045,0.13656387665198239,core
NGC2976,0.38,-19.726999999999972,negative,26.1,26.475214824435326,-0.02814375614356207,0.16740088105726872,core
NGC2976,0.45,-43.7025000000001,negative,28.7,29.4515279739439,-0.050383765135160956,0.19823788546255508,core
NGC2976,0.52,-232.39769999999987,negative,28.7,32.4975029809984,-0.22005530411915594,0.2290748898678414,inner_disk
NGC2976,0.59,-259.8633000000001,negative,31.7,35.56337020024959,-0.2054656034500958,0.2599118942731277,inner_disk
NGC2976,0.66,-219.0844999999997,negative,35.5,38.46211772640711,-0.1480966610323762,0.29074889867841414,inner_disk
NGC2976,0.73,-148.90049999999974,negative,39.4,41.246339231500286,-0.08752363321196241,0.32158590308370044,inner_disk
NGC2976,0.8,-96.23000000000025,negative,42.9,44.00727212632022,-0.04968915234633191,0.3524229074889868,inner_disk
NGC2976,0.87,-64.04890000000023,negative,46.0,46.69099377824379,-0.029379570338995714,0.3832599118942731,inner_disk
NGC2976,0.94,-52.84599999999955,negative,49.1,49.63522942427082,-0.021450234935396648,0.41409691629955947,mid_disk
NGC2976,1.01,-410.5897,negative,49.2,53.20930087869977,-0.1450216843938872,0.44493392070484583,mid_disk
NGC2976,1.08,-600.7121999999999,negative,51.4,56.94446592953524,-0.18525221266583775,0.4757709251101322,mid_disk
NGC2976,1.14,-325.13319999999976,negative,57.2,59.97477136263214,-0.09039077633383527,0.5022026431718061,mid_disk
NGC2976,1.21,-6.992900000000645,negative,63.8,63.85477977410932,-0.0017150251571278205,0.5330396475770925,mid_disk
NGC2976,1.29,-78.86929999999938,negative,67.8,68.37915837446377,-0.01686787927555706,0.5682819383259912,mid_disk
NGC2976,1.35,-258.9299999999994,negative,69.8,71.63078946933364,-0.050464142257701655,0.5947136563876653,mid_disk
NGC2976,1.42,-492.4224999999988,negative,71.7,75.05539620840062,-0.0874126013779635,0.6255506607929515,outer_disk
NGC2976,1.49,-634.4793,negative,74.1,78.26422746057102,-0.10358356461628677,0.6563876651982379,outer_disk
NGC2976,1.56,-711.8339999999989,negative,76.7,81.20790601905703,-0.10793992288380816,0.6872246696035242,outer_disk
NGC2976,1.63,-582.2469999999994,negative,79.9,83.46410605763414,-0.08358103928695129,0.7180616740088105,outer_disk
NGC2976,1.74,-347.291400000001,negative,83.6,85.65192000183066,-0.04733908110073777,0.7665198237885462,outer_disk
NGC2976,1.93,7.106000000001586,positive,83.9,83.85764127376824,0.0010105083770094395,0.8502202643171806,edge
NGC2976,2.1,1273.3139,positive,88.7,81.20576395798516,0.19309088239598585,0.9251101321585904,edge
NGC2976,2.27,959.2718999999996,positive,85.3,79.47841279240546,0.15185998469704226,1.0,edge
NGC2998,0.33,6114.4064,positive,90.0,44.56,3.079384623318689,0.007805108798486282,core
NGC2998,0.99,6932.731499999998,positive,125.0,93.2323361286201,0.7975744766742993,0.023415326395458846,core
NGC2998,1.98,4438.5875000000015,positive,148.0,132.156772433349,0.2541358527890482,0.04683065279091769,core
NGC2998,2.64,8470.229500000005,positive,180.0,154.6925030504064,0.35396200310404174,0.06244087038789026,core
NGC2998,3.63,1675.3555000000051,positive,201.0,196.78832409469825,0.04326217217637283,0.08585619678334909,core
NGC2998,7.59,-6945.282000000007,negative,206.0,222.218995587686,-0.14064604479081783,0.1795175023651845,core
NGC2998,12.5,-681.8197,negative,214.0,215.5871510549736,-0.014669786672458735,0.2956480605487228,inner_disk
NGC2998,17.48,3371.376000000004,positive,212.0,203.8936585575922,0.08109605975316843,0.413434247871334,mid_disk
NGC2998,22.46,11721.4867,positive,213.0,183.43258516414144,0.3483611580889099,0.5312204351939451,mid_disk
NGC2998,27.44,15920.907000000005,positive,214.0,172.84412920316385,0.5329157301702795,0.6490066225165563,outer_disk
NGC2998,32.32,18427.8412,positive,213.0,164.13762152535293,0.6840032879357809,0.7644276253547777,outer_disk
NGC2998,37.3,21497.216,positive,213.0,154.5049643215389,0.9005282554500323,0.8822138126773887,edge
NGC2998,42.28,20135.6555,positive,203.0,145.16660945272506,0.9555035509432306,1.0,edge
NGC3109,0.26,28.481599999999997,positive,6.1,2.954386569154416,3.2630951835387925,0.040310077519379844,core
NGC3109,0.52,98.57269999999995,positive,11.2,5.183367631183419,3.668872570001449,0.08062015503875969,core
NGC3109,0.77,152.4891,positive,14.9,8.337919404743607,2.1934281633293016,0.11937984496124031,core
NGC3109,1.03,248.25030000000007,positive,19.1,10.796281767349347,2.129812448041649,0.15968992248062017,core
NGC3109,1.29,409.9247,positive,24.3,13.437458837146258,2.2702296620668525,0.2,core
NGC3109,1.55,649.4780000000001,positive,29.8,15.445452405157967,2.7224704688927823,0.24031007751937986,inner_disk
NGC3109,1.81,881.1434999999998,positive,34.3,17.185648082047997,2.9834228609446862,0.2806201550387597,inner_disk
NGC3109,2.06,1113.0215000000003,positive,38.2,18.606947627163358,3.214794992179794,0.31937984496124033,inner_disk
NGC3109,2.32,1429.4963,positive,42.5,19.41014425500233,3.7942462144366473,0.3596899224806201,inner_disk
NGC3109,2.58,1392.2634999999998,positive,42.3,19.925523832511907,3.506726880951271,0.4,inner_disk
NGC3109,2.84,1822.3007999999995,positive,47.3,20.371283710164168,4.391200542086396,0.4403100775193798,mid_disk
NGC3109,3.1,1989.1907,positive,49.3,21.00712498177701,4.507577283716518,0.4806201550387597,mid_disk
NGC3109,3.35,2084.8911000000003,positive,50.6,21.805249367984764,4.384915816786336,0.5193798449612403,mid_disk
NGC3109,3.61,2308.3203000000003,positive,53.0,22.375873167320197,4.61037325859227,0.5596899224806201,mid_disk
NGC3109,3.87,2505.9602,positive,54.7,22.048351412293847,5.154919941135062,0.6,mid_disk
NGC3109,4.13,2576.9180000000006,positive,55.2,21.682296926294505,5.481381428650435,0.6403100775193798,outer_disk
NGC3109,4.38,2828.9387,positive,57.5,21.84745522938541,5.926821133293934,0.6790697674418604,outer_disk
NGC3109,4.64,3001.4,positive,59.1,22.167769396130048,6.107730815408722,0.7193798449612402,outer_disk
NGC3109,4.9,3237.2843000000003,positive,61.2,22.54230910976069,6.370654309299298,0.7596899224806202,outer_disk
NGC3109,5.16,3407.7618,positive,62.7,22.8807386244413,6.509222998875706,0.8,outer_disk
NGC3109,5.42,3601.6655000000005,positive,64.4,23.360104879901545,6.600149900722842,0.8403100775193798,edge
NGC3109,5.67,3867.3498999999993,positive,66.6,23.837157968180687,6.806197038736198,0.8790697674418604,edge
NGC3109,5.93,3826.8355,positive,66.3,23.850670850103985,6.727265935313865,0.9193798449612403,edge
NGC3109,6.19,3831.992600000001,positive,66.2,23.46161546015108,6.961596330548568,0.9596899224806202,edge
NGC3109,6.45,3993.2775,positive,67.3,23.151943762889545,7.449970849560411,1.0,edge
NGC3198,0.32,-3408.9984000000004,negative,24.4,63.28,-0.8513219995492912,0.007259528130671507,core
NGC3198,0.64,-3550.9056,negative,43.3,73.66,-0.6544488332734097,0.014519056261343014,core
NGC3198,0.96,-4167.590400000001,negative,45.5,78.98,-0.6681143044313863,0.021778584392014518,core
NGC3198,1.28,-3417.1625000000013,negative,58.5,82.70074062546236,-0.49962807477981497,0.029038112522686028,core
NGC3198,1.61,-2359.5909,negative,68.8,84.22013357861645,-0.3326632765691181,0.03652450090744102,core
NGC3198,1.93,-1003.6413999999996,negative,76.9,83.17001502945638,-0.14509251463666617,0.04378402903811252,core
NGC3198,2.24,-852.1825000000017,negative,82.0,87.04126894755154,-0.1124817808969097,0.05081669691470055,core
NGC3198,2.57,-354.28059999999914,negative,86.9,88.91507521224958,-0.04481223152771671,0.058303085299455534,core
NGC3198,2.89,1606.274699999998,positive,97.6,88.99149004258778,0.20282564322709173,0.06556261343012705,core
NGC3198,3.21,1198.3842999999997,positive,100.0,93.81692651115787,0.13615503571690823,0.07282214156079855,core
NGC3198,3.54,1203.3595000000005,positive,107.0,101.22075133094005,0.11745088069408646,0.08030852994555354,core
NGC3198,3.85,990.1094999999988,positive,113.0,108.53059706829222,0.08405795944872725,0.08734119782214157,core
NGC3198,4.17,344.1294999999991,positive,117.0,115.52000043282548,0.025787398985999837,0.09460072595281308,core
NGC3198,4.5,-371.08500000000095,negative,119.0,120.54909788131972,-0.025535564924097323,0.10208711433756806,core
NGC3198,4.82,377.3866999999991,positive,127.0,125.50543135657516,0.023958606195595162,0.10934664246823958,core
NGC3198,5.15,643.3996000000006,positive,132.0,129.5399567701024,0.038341870056091715,0.11683303085299457,core
NGC3198,5.46,175.8119000000006,positive,134.0,133.342371735319,0.009888078743103995,0.12386569872958259,core
NGC3198,5.78,81.34140000000116,positive,137.0,136.70281123663844,0.004352680115849352,0.1311252268602541,core
NGC3198,6.1,75.36030000000028,positive,140.0,139.73059686410846,0.0038597536834444265,0.1383847549909256,core
NGC3198,6.43,-69.99459999999817,negative,142.0,142.2462463476629,-0.0034592576198472533,0.14587114337568058,core
NGC3198,6.74,342.4847000000045,positive,144.0,142.80586577588468,0.01679380405790093,0.15290381125226862,core
NGC3198,7.06,1286.2795000000006,positive,146.0,141.5263950646663,0.06421854463720551,0.1601633393829401,core
NGC3198,8.04,2931.3054999999986,positive,147.0,136.66636199153032,0.1569415058159345,0.18239564428312158,core
NGC3198,9.04,4396.7750000000015,positive,148.0,132.3148706684173,0.25114060052349824,0.20508166969147004,inner_disk
NGC3198,10.04,6133.647600000004,positive,152.0,130.27030513513046,0.361433130875939,0.2277676950998185,inner_disk
NGC3198,11.04,7246.384700000002,positive,155.0,129.53229442884117,0.43188216491261966,0.25045372050816694,inner_disk
NGC3198,12.05,7809.387500000001,positive,156.0,128.5558730669276,0.47253407194003,0.27336660617059894,inner_disk
NGC3198,14.05,9507.7952,positive,157.0,123.04960300626736,0.6279417870366564,0.31873865698729587,inner_disk
NGC3198,16.07,10370.2867,positive,153.0,114.18718535807773,0.7953458643806517,0.36456442831215974,inner_disk
NGC3198,18.13,11761.9724,positive,153.0,107.92139546910984,1.0098690244367583,0.4112976406533575,mid_disk
NGC3198,20.05,12836.611099999998,positive,154.0,104.30430911520388,1.1799018509210562,0.4548548094373866,mid_disk
NGC3198,22.12,13351.32,positive,153.0,100.2879853222708,1.3274751234877222,0.5018148820326679,mid_disk
NGC3198,24.03,13181.0462,positive,150.0,96.53472846597748,1.4144341181302988,0.5451451905626135,mid_disk
NGC3198,26.1,13456.107,positive,149.0,93.51413262175936,1.5387388959476123,0.5921052631578948,mid_disk
NGC3198,28.16,13591.4483,positive,148.0,91.1731961708045,1.6350512803427135,0.6388384754990926,outer_disk
NGC3198,30.08,13478.171,positive,146.0,88.53151416303687,1.7196306528249088,0.6823956442831216,outer_disk
NGC3198,32.14,14254.9135,positive,147.0,85.75597063761799,1.9383663083103526,0.7291288566243195,outer_disk
NGC3198,34.06,14867.8358,positive,148.0,83.88184666541385,2.1130598117650523,0.7726860254083485,outer_disk
NGC3198,36.12,15088.4856,positive,148.0,82.55612878520891,2.2138439909979506,0.8194192377495463,edge
NGC3198,38.19,15581.2094,positive,149.0,81.3620955973972,2.3537314609317095,0.8663793103448275,edge
NGC3198,40.1,16041.424,positive,150.0,80.36526612909336,2.4837400690183102,0.9097096188747732,edge
NGC3198,42.17,16124.2451,positive,150.0,79.84832434058964,2.528993876474141,0.9566696914700545,edge
NGC3198,44.08,16114.0775,positive,149.0,78.01873172514406,2.6473275288127947,1.0,edge
NGC3521,0.51,-17847.8232,negative,143.0,195.6957413946456,-0.46603926144975893,0.028748590755355134,core
NGC3521,0.69,-19947.09120000001,negative,160.0,213.4176450062178,-0.43794434890279027,0.03889515219842165,core
NGC3521,0.86,-20626.1169,negative,178.0,228.71405050848972,-0.3943045460867629,0.048478015783540024,core
NGC3521,1.03,-23424.7482,negative,188.0,242.42266436948503,-0.3985919203227134,0.058060879368658405,core
NGC3521,1.2,-25122.671700000006,negative,187.0,245.1360269319873,-0.4180724381478641,0.06764374295377677,core
NGC3521,1.38,-23602.40890000001,negative,195.0,248.24868358160532,-0.38298557932718813,0.0777903043968433,core
NGC3521,1.55,-23868.8389,negative,199.0,251.93221092190652,-0.37606584975907353,0.08737316798196168,core
NGC3521,1.71,-25631.175400000026,negative,203.0,258.53466962865934,-0.3834696011285454,0.09639233370913192,core
NGC3521,1.89,-26789.928900000014,negative,206.0,263.1082075876768,-0.38699269660504326,0.10653889515219843,core
NGC3521,2.06,-28613.065,negative,211.0,270.433106331307,-0.3912412772351708,0.11612175873731681,core
NGC3521,2.23,-27818.01250000001,negative,219.0,275.2798803036648,-0.3670938902773377,0.12570462232243518,core
NGC3521,2.41,-30081.6685,negative,216.0,277.0156466700031,-0.3920065476057564,0.1358511837655017,core
NGC3521,2.58,-29694.0625,negative,214.0,274.7545495528691,-0.3933506148574191,0.14543404735062007,core
NGC3521,2.75,-29864.4292,negative,213.0,274.2871291183748,-0.3969569048967395,0.15501691093573847,core
NGC3521,2.92,-30966.5285,negative,210.0,273.9827156957168,-0.4125211211811934,0.16459977452085683,core
NGC3521,3.09,-30082.11540000001,negative,214.0,275.4598253829404,-0.3964531174953247,0.1741826381059752,core
NGC3521,3.26,-31084.7218,negative,213.0,276.5026614700119,-0.4065821920522906,0.18376550169109357,core
NGC3521,3.43,-32645.815199999983,negative,212.0,278.5494842931862,-0.420748717030067,0.19334836527621196,core
NGC3521,3.61,-31605.020900000003,negative,215.0,278.9803234997049,-0.4060775075546716,0.2034949267192785,inner_disk
NGC3521,3.78,-31860.893800000005,negative,217.0,280.9802373833434,-0.4035584123863634,0.21307779030439686,inner_disk
NGC3521,3.95,-31538.1577,negative,219.0,281.9559499283532,-0.39671058929974035,0.22266065388951525,inner_disk
NGC3521,4.12,-31715.32679999998,negative,220.0,283.04650995905246,-0.39587090344365905,0.23224351747463362,inner_disk
NGC3521,4.29,-31952.2674,negative,218.0,281.91535502700094,-0.40203533010912396,0.241826381059752,inner_disk
NGC3521,4.46,-30199.50330000001,negative,220.0,280.3560295410106,-0.3842200272530221,0.25140924464487036,inner_disk
NGC3521,4.64,-28225.4877,negative,220.0,276.81309163404825,-0.36835638567818213,0.2615558060879369,inner_disk
NGC3521,4.81,-27898.529299999995,negative,216.0,273.04675295633893,-0.3742030103595598,0.2711386696730552,inner_disk
NGC3521,4.98,-23893.696899999995,negative,220.0,268.87487219894683,-0.33050871548388056,0.28072153325817367,inner_disk
NGC3521,5.15,-22860.1517,negative,218.0,265.3001162834272,-0.3247911802281479,0.29030439684329207,inner_disk
NGC3521,5.32,-23079.278600000005,negative,213.0,261.62621925181736,-0.33717836404435164,0.2998872604284104,inner_disk
NGC3521,5.49,-20465.05570000001,negative,215.0,258.24417844358084,-0.306868175250302,0.3094701240135288,inner_disk
NGC3521,5.67,-18312.00080000001,negative,216.0,254.88821235985003,-0.28186184851789386,0.3196166854565953,inner_disk
NGC3521,5.84,-20235.8781,negative,208.0,251.99182149426997,-0.3186758574265672,0.32919954904171367,inner_disk
NGC3521,6.01,-17163.581800000007,negative,212.0,249.21392778093283,-0.27635244043586327,0.33878241262683206,inner_disk
NGC3521,6.19,-15465.597199999997,negative,213.0,246.6467052283488,-0.25422371334448485,0.3489289740698986,inner_disk
NGC3521,6.35,-13060.189000000006,negative,216.0,244.3689607949422,-0.21870432823501185,0.3579481397970688,inner_disk
NGC3521,6.64,-13493.369299999998,negative,210.0,239.9861856440908,-0.23428685392087306,0.3742953776775648,inner_disk
NGC3521,8.82,-1076.0234000000055,negative,210.0,212.5465205549129,-0.02381846207384436,0.49718151071025934,mid_disk
NGC3521,11.07,6850.163899999992,positive,210.0,193.00216605002132,0.18389782660010126,0.6240135287485908,outer_disk
NGC3521,13.32,10733.717099999998,positive,206.0,178.05134905414224,0.33857868008615866,0.7508455467869223,outer_disk
NGC3521,15.49,14996.071799999998,positive,206.0,165.6500172049493,0.5465055043402044,0.8731679819616687,edge
NGC3521,17.74,18931.762700000003,positive,206.0,153.31091709333683,0.8054616900927904,1.0,edge
NGC3726,3.5,-8703.532899999998,negative,102.0,138.23,-0.4555027038577021,0.1076260762607626,core
NGC3726,5.24,-11267.720100000002,negative,125.0,163.99,-0.4189877430807009,0.16113161131611314,core
NGC3726,6.98,-10717.940099999996,negative,145.0,178.16548515355043,-0.3376479956247026,0.2146371463714637,inner_disk
NGC3726,8.72,-7057.9908,negative,164.0,184.26608695036643,-0.20786925582838997,0.26814268142681424,inner_disk
NGC3726,10.47,-4890.442000000003,negative,162.0,176.4495451963535,-0.1570749846745287,0.32195571955719554,inner_disk
NGC3726,12.19,-3482.832199999997,negative,160.0,170.53689395553093,-0.11975560619574036,0.3748462484624846,inner_disk
NGC3726,13.94,-3233.150600000001,negative,156.0,166.03960551627435,-0.11727421881470662,0.4286592865928659,mid_disk
NGC3726,16.03,-3413.756999999998,negative,146.0,157.25697758764156,-0.13804248056299132,0.4929274292742927,mid_disk
NGC3726,22.3,7215.527000000002,positive,158.0,133.22339509260377,0.40654353757644396,0.6857318573185731,outer_disk
NGC3726,27.52,14413.0211,positive,168.0,117.52012125589388,1.0435915661271482,0.8462484624846247,edge
NGC3726,30.08,16111.448000000002,positive,169.0,111.57756046804391,1.2941387770419375,0.9249692496924968,edge
NGC3726,32.52,16460.999,positive,167.0,106.9018287963307,1.440409306929532,1.0,edge
NGC3741,0.23,31.047499999999985,positive,13.1,11.855905701379376,0.22088039128501546,0.032857142857142856,core
NGC3741,0.47,84.07310000000001,positive,17.3,14.670272662769428,0.39064357864089677,0.06714285714285714,core
NGC3741,0.7,342.41550000000007,positive,23.6,14.647337642042666,1.596011550051388,0.09999999999999999,core
NGC3741,0.93,483.2751,positive,26.2,14.253592529604598,2.3787332359083684,0.13285714285714287,core
NGC3741,1.17,564.1594999999999,positive,27.4,13.660179354605852,3.0233547069809568,0.16714285714285712,core
NGC3741,1.4,550.9859999999999,positive,26.9,13.13864528785217,3.1918273241264243,0.19999999999999998,core
NGC3741,1.64,586.5349999999999,positive,27.4,12.815030237966669,3.5715329578322406,0.23428571428571426,inner_disk
NGC3741,1.87,804.3894,positive,31.0,12.514415687518136,5.136238543240367,0.2671428571428572,inner_disk
NGC3741,2.1,905.2946,positive,32.5,12.28639084515872,5.997099805637955,0.3,inner_disk
NGC3741,2.33,934.7075,positive,33.0,12.42145321610962,6.058022911029374,0.33285714285714285,inner_disk
NGC3741,2.57,1170.9411,positive,36.5,12.700744072691176,7.258998728526446,0.3671428571428571,inner_disk
NGC3741,2.8,1342.1472,positive,38.9,13.079097828214298,7.845932604867922,0.39999999999999997,inner_disk
NGC3741,3.26,1540.9179,positive,41.5,13.46596079008104,8.49776680466393,0.4657142857142857,mid_disk
NGC3741,3.73,1636.7919000000002,positive,42.7,13.656430719628023,8.776453486657507,0.5328571428571428,mid_disk
NGC3741,4.21,1796.7008,positive,44.7,14.191166266378533,8.921535017766592,0.6014285714285714,outer_disk
NGC3741,4.67,1971.3794000000005,positive,46.7,14.474480992422492,9.409449450290346,0.6671428571428571,outer_disk
NGC3741,5.14,2136.7248,positive,48.5,14.680776546218526,9.914036966442906,0.7342857142857142,outer_disk
NGC3741,5.61,2286.4635,positive,50.0,14.612888147111782,10.707600339988712,0.8014285714285715,edge
NGC3741,6.07,2310.8999000000003,positive,50.2,14.46167694287215,11.049530434383461,0.8671428571428572,edge
NGC3741,6.54,2308.0034,positive,50.1,14.21290258884511,11.425386101246197,0.9342857142857143,edge
NGC3741,7.0,2467.4648,positive,51.6,13.96764833463386,12.647491071025835,1.0,edge
NGC3769,1.74,-8418.185400000002,negative,87.5,126.78499674646052,-0.5237002227773424,0.04682454251883746,core
NGC3769,3.5,-7802.408099999997,negative,106.0,137.9797380052593,-0.40982460608142957,0.09418729817007536,core
NGC3769,5.24,-2713.3362,negative,116.0,127.15870477478134,-0.16780751951957065,0.14101184068891282,core
NGC3769,6.98,2333.0558,positive,125.0,115.2906943339314,0.1755240441048496,0.18783638320775028,core
NGC3769,8.72,4784.053999999998,positive,126.0,105.31830800008136,0.43130880730937543,0.23466092572658775,inner_disk
NGC3769,10.47,5709.008600000001,positive,123.0,97.0566401643906,0.6060524216614467,0.28175457481162547,inner_disk
NGC3769,12.31,5807.6504,positive,118.0,90.09078532236246,0.715549561837504,0.3312701829924651,inner_disk
NGC3769,14.52,6254.701999999999,positive,115.0,83.48831055902377,0.8973363836094237,0.3907427341227126,inner_disk
NGC3769,17.07,8736.5536,positive,122.0,78.40565285743114,1.4211679177877827,0.45936490850376754,mid_disk
NGC3769,31.82,10938.8775,positive,121.0,60.845069644137965,2.9547583852236126,0.8562970936490851,edge
NGC3769,34.61,10511.9283,positive,118.0,58.41294120312724,3.0808052187180004,0.9313778256189452,edge
NGC3769,37.16,9586.7726,positive,113.0,56.41123469664531,3.012598219724964,1.0,edge
NGC3877,0.87,-8948.6569,negative,37.8,101.87,-0.862313618229074,0.07665198237885462,core
NGC3877,1.74,-6804.390400000001,negative,80.1,114.98,-0.5146886776591124,0.15330396475770924,core
NGC3877,2.61,-243.0,negative,121.0,122.0,-0.016326256382692826,0.22995594713656387,inner_disk
NGC3877,3.5,2469.0968,positive,142.0,133.02219062998475,0.13953717474984548,0.30837004405286345,inner_disk
NGC3877,4.37,2481.762800000004,positive,153.0,144.6624941026526,0.11859008316683121,0.38502202643171807,inner_disk
NGC3877,5.24,-301.2792999999984,negative,160.0,160.93874393694017,-0.011631830864817493,0.46167400881057274,mid_disk
NGC3877,6.11,-7139.044999999998,negative,162.0,182.71027612041968,-0.2138524211916558,0.5383259911894274,mid_disk
NGC3877,6.98,-10210.856999999996,negative,167.0,195.19184665349115,-0.2680025019516476,0.614977973568282,outer_disk
NGC3877,7.85,-11294.158499999998,negative,169.0,199.63756785735492,-0.2833800924414841,0.6916299559471365,outer_disk
NGC3877,8.72,-11900.672500000008,negative,171.0,202.8341009297993,-0.28926078539952416,0.7682819383259912,outer_disk
NGC3877,9.6,-12319.826899999993,negative,171.0,203.86472696373932,-0.29642882057286496,0.8458149779735683,edge
NGC3877,10.47,-10061.380900000004,negative,170.0,197.38637465640835,-0.25823984334189765,0.922466960352423,edge
NGC3877,11.35,-8360.940900000001,negative,169.0,192.15082851759968,-0.22644911660101819,1.0,edge
NGC3893,1.74,-20163.7177,negative,145.0,202.95003744764372,-0.4895446817952288,0.09133858267716535,core
NGC3893,3.5,-14325.431399999994,negative,174.0,211.1905097299592,-0.32118770519997253,0.1837270341207349,core
NGC3893,5.24,-7855.630499999992,negative,194.0,213.28767076415832,-0.17268298396119242,0.27506561679790026,inner_disk
NGC3893,6.98,-1037.4073999999891,negative,190.0,192.71068314963756,-0.027934297858390324,0.36640419947506564,inner_disk
NGC3893,8.81,2512.2414999999964,positive,186.0,179.1193973303841,0.07830259350692956,0.4624671916010499,mid_disk
NGC3893,10.9,7351.3495,positive,188.0,167.31004303388366,0.2626171287352728,0.5721784776902887,mid_disk
NGC3893,13.12,11155.805499999997,positive,187.0,154.31524390027062,0.4684716072007892,0.6887139107611547,outer_disk
NGC3893,15.33,11968.3263,positive,179.0,141.6780635807816,0.596249731295139,0.8047244094488188,edge
NGC3893,17.3,13139.519,positive,176.0,133.5532889898261,0.7366654330526294,0.9081364829396326,edge
NGC3893,19.05,11675.3699,positive,167.0,127.33275344545096,0.7200959827003822,1.0,edge
NGC3917,0.87,-679.7196000000001,negative,24.3,35.64,-0.5351239669421488,0.058546433378196504,core
NGC3917,1.74,200.10840000000053,positive,49.6,47.54,0.08854151825560114,0.11709286675639301,core
NGC3917,2.61,1760.3390999999992,positive,73.6,60.47,0.48141143097442757,0.1756393001345895,core
NGC3917,3.5,4711.8972,positive,101.0,74.08847953629498,0.8584093560791027,0.23553162853297444,inner_disk
NGC3917,4.37,4040.4095,positive,107.0,86.0731694548307,0.5453681776580849,0.294078061911171,inner_disk
NGC3917,5.24,3760.8070000000007,positive,115.0,97.28408400144392,0.3973721795402949,0.35262449528936746,inner_disk
NGC3917,6.11,4093.812,positive,123.0,105.04850308309966,0.37097800236842365,0.41117092866756394,mid_disk
NGC3917,6.98,5008.1276,positive,130.0,109.04986198982556,0.4211386930118759,0.4697173620457605,mid_disk
NGC3917,7.85,5558.486000000001,positive,134.0,111.3441242275496,0.44835488792349837,0.528263795423957,mid_disk
NGC3917,8.72,6223.762699999999,positive,136.0,110.78013043863056,0.5071416521582416,0.5868102288021535,mid_disk
NGC3917,9.6,6409.820599999999,positive,137.0,111.17184625614529,0.5186283322337725,0.6460296096904441,outer_disk
NGC3917,10.47,6377.376600000001,positive,136.0,110.08461927081366,0.526245959586466,0.7045760430686407,outer_disk
NGC3917,11.35,7052.591,positive,137.0,108.24236231716306,0.6019413456802335,0.7637954239569313,outer_disk
NGC3917,12.19,7572.226699999999,positive,137.0,105.81480661986772,0.6762865065777475,0.8203230148048453,edge
NGC3917,13.12,8425.6412,positive,137.0,101.70230479197608,0.8145943076053787,0.882907133243607,edge
NGC3917,13.94,9362.918299999998,positive,138.0,98.3924880262716,0.9671355526314791,0.9380888290713324,edge
NGC3917,14.86,9947.3715,positive,137.0,93.92352474220716,1.1276116989057063,1.0,edge
NGC3949,1.74,-10619.5768,negative,123.0,160.46363077034,-0.41243354467653526,0.2461103253182461,inner_disk
NGC3949,2.61,-13387.410000000003,negative,145.0,185.5058220110625,-0.38902855103725675,0.36916548797736914,inner_disk
NGC3949,3.5,-17362.40049999999,negative,152.0,201.16262202506704,-0.4290572001826551,0.49504950495049505,mid_disk
NGC3949,4.37,-11860.243600000009,negative,157.0,191.07392182084925,-0.3248559112848891,0.6181046676096181,outer_disk
NGC3949,5.24,-7428.5746,negative,161.0,182.61865895904504,-0.22274870636580774,0.7411598302687412,outer_disk
NGC3949,6.11,-2192.906899999998,negative,165.0,171.51649162689867,-0.07454326738657256,0.8642149929278642,edge
NGC3949,7.07,2294.6398999999983,positive,169.0,162.0689979607451,0.08736040666708131,1.0,edge
NGC3953,3.5,-8903.9744,negative,181.0,204.12,-0.21370406506238004,0.22321428571428573,inner_disk
NGC3953,5.24,-6721.344900000004,negative,203.0,218.93,-0.14023151542145493,0.33418367346938777,inner_disk
NGC3953,6.98,-5835.392100000005,negative,216.0,229.11,-0.11116855291022096,0.44515306122448983,mid_disk
NGC3953,8.72,-10025.801999999996,negative,223.0,244.44795356067107,-0.16778236500557725,0.5561224489795918,mid_disk
NGC3953,10.47,-11428.324,negative,224.0,248.20218371319783,-0.18551171830081278,0.6677295918367347,outer_disk
NGC3953,12.19,-10076.32,negative,223.0,244.5512625197425,-0.1684853454508729,0.7774234693877551,outer_disk
NGC3953,13.94,-5648.130000000005,negative,224.0,236.2713059175828,-0.10117721494271392,0.889030612244898,edge
NGC3953,15.68,-3037.187599999997,negative,215.0,221.95086753603823,-0.061653526730509986,1.0,edge
NGC3972,0.87,-754.1160999999995,negative,39.6,48.19,-0.3247314563500867,0.09977064220183486,core
NGC3972,1.74,1549.619,positive,73.0,61.47667037177599,0.410019259767671,0.19954128440366972,core
NGC3972,2.61,2428.831,positive,89.4,74.58906756355117,0.436563016028136,0.29931192660550454,inner_disk
NGC3972,3.5,3240.2855,positive,102.0,84.6387293146583,0.45231918441194163,0.4013761467889908,mid_disk
NGC3972,4.37,4045.3975999999984,positive,110.0,89.74743673219866,0.502246715492747,0.5011467889908257,mid_disk
NGC3972,5.24,3150.336299999999,positive,116.0,101.51681486335158,0.30568980239477433,0.6009174311926605,outer_disk
NGC3972,6.11,3190.424000000001,positive,123.0,109.26379089158492,0.2672365615463689,0.7006880733944953,outer_disk
NGC3972,6.98,5570.084400000002,positive,130.0,106.4420762668598,0.49162629243239925,0.8004587155963303,edge
NGC3972,7.85,7591.230000000001,positive,134.0,101.80751445743088,0.7324069902178246,0.900229357798165,edge
NGC3972,8.72,8512.187,positive,134.0,97.17928277158666,0.9013506514794396,1.0,edge
NGC3992,9.19,13932.027899999994,positive,248.0,218.11,0.2928621052478922,0.19969578444154712,core
NGC3992,13.79,8821.5455,positive,264.0,246.7274903613296,0.14491375031541354,0.2996523250760538,inner_disk
NGC3992,18.35,13858.210200000009,positive,272.0,245.20560719526785,0.2304869548674105,0.39873967840069535,inner_disk
NGC3992,22.94,17519.689400000003,positive,271.0,236.47687117348283,0.31329182402960354,0.49847892220773576,mid_disk
NGC3992,27.52,24131.3614,positive,264.0,213.45875151888245,0.5296072160660131,0.5980008691873098,mid_disk
NGC3992,32.11,21067.001900000003,positive,242.0,193.64141628277767,0.5618316923348594,0.6977401129943502,outer_disk
NGC3992,36.7,27335.8099,positive,244.0,179.44411414142286,0.8489331837826636,0.7974793568013907,outer_disk
NGC3992,41.44,30066.43280000001,positive,241.0,167.3755274823652,1.0732428091910706,0.9004780530204258,edge
NGC3992,46.02,31301.519000000004,positive,237.0,157.69426432181987,1.2587330015452716,1.0,edge
NGC4010,0.87,471.9274999999998,positive,39.3,32.75,0.4399999999999998,0.0830945558739255,core
NGC4010,1.74,-1109.4489999999992,negative,54.6,63.957868945111045,-0.2712185398311105,0.166189111747851,core
NGC4010,2.61,-2797.174000000001,negative,65.5,84.18683982666175,-0.3946672302941097,0.24928366762177648,inner_disk
NGC4010,3.5,-2001.0357999999976,negative,83.9,95.08020719371618,-0.22134749920184674,0.3342884431709646,inner_disk
NGC4010,4.37,-1012.3908999999984,negative,94.3,99.52326813363796,-0.10221131482762189,0.4173829990448901,mid_disk
NGC4010,5.24,686.8042999999998,positive,104.0,100.64390542899255,0.06780442597234053,0.5004775549188156,mid_disk
NGC4010,6.11,2840.2155,positive,115.0,101.9057628399886,0.27349777937134845,0.5835721107927412,mid_disk
NGC4010,6.98,5436.198200000001,positive,127.0,103.40600466123811,0.5083979205524974,0.6666666666666666,outer_disk
NGC4010,7.85,5682.905499999999,positive,129.0,104.68091755425152,0.5186034396764873,0.7497612225405921,outer_disk
NGC4010,8.72,5453.336599999999,positive,127.0,103.32310196659796,0.5108194587701219,0.8328557784145176,edge
NGC4010,9.6,5389.7943,positive,124.0,99.93100469824168,0.5397239413964805,0.9169054441260744,edge
NGC4010,10.47,5606.6387,positive,122.0,96.31905989989728,0.6043354913858966,1.0,edge
NGC4013,5.49,-7389.221000000005,negative,198.0,215.85462932260685,-0.15859004467624171,0.17703966462431472,core
NGC4013,6.17,-11591.869600000004,negative,195.0,222.7484446634813,-0.2336275886296544,0.19896807481457593,core
NGC4013,6.92,-13502.382200000007,negative,194.0,226.13797160140976,-0.26403616264575547,0.22315382134795225,inner_disk
NGC4013,7.69,-13568.551,negative,195.0,227.1421383187188,-0.2629892832924023,0.24798452112221864,inner_disk
NGC4013,8.36,-12915.223699999997,negative,195.0,225.6994100568276,-0.25353684695342227,0.2695904546920348,inner_disk
NGC4013,9.12,-11165.275499999996,negative,195.0,221.78880832900472,-0.2269813573213266,0.29409867784585614,inner_disk
NGC4013,9.88,-8924.871199999994,negative,192.0,213.98334327699436,-0.19491354484405793,0.31860690099967753,inner_disk
NGC4013,10.56,-6199.323400000001,negative,188.0,203.82179324105653,-0.14922550466918114,0.34053531118993874,inner_disk
NGC4013,11.31,-2990.468399999998,negative,186.0,193.8722992074938,-0.0795623671842497,0.36472105772331503,inner_disk
NGC4013,12.08,338.52590000000055,positive,186.0,185.08774702826764,0.00988181145556206,0.3895517574975814,inner_disk
NGC4013,12.77,2778.7810000000063,positive,186.0,178.37381814604964,0.08733575992295264,0.4118026443082876,mid_disk
NGC4013,13.47,4414.309099999999,positive,185.0,172.65772760001215,0.14807805410507943,0.4343760077394389,mid_disk
NGC4013,14.17,4335.404700000006,positive,180.0,167.52490949109625,0.15447950179420575,0.4569493711705901,mid_disk
NGC4013,14.98,274.5254999999961,positive,163.0,162.15571066108035,0.01044042542093762,0.48306997742663654,mid_disk
NGC4013,15.68,1353.0439000000006,positive,162.0,157.76867908428466,0.05435885606660166,0.5056433408577877,mid_disk
NGC4013,16.37,3290.5314000000035,positive,164.0,153.6407127033717,0.13939699549112122,0.527894227668494,mid_disk
NGC4013,17.19,5304.748299999999,positive,166.0,149.16853455068866,0.23840224233318075,0.5543373105449855,mid_disk
NGC4013,17.88,6339.932500000003,positive,166.0,145.65736335661165,0.2988269385926494,0.5765881973556917,mid_disk
NGC4013,18.58,7281.661400000001,positive,166.0,142.38798615051763,0.3591565448157209,0.5991615607868429,mid_disk
NGC4013,19.39,8239.2493,positive,166.0,138.98471390768125,0.4265339149404665,0.6252821670428894,outer_disk
NGC4013,20.09,9666.2199,positive,168.0,136.22694337024524,0.5208715615721731,0.6478555304740405,outer_disk
NGC4013,20.79,11736.4974,positive,172.0,133.59454554733887,0.6575988620391068,0.6704288939051918,outer_disk
NGC4013,21.48,12710.534200000002,positive,173.0,131.21915180338576,0.7381920286997931,0.6926797807158981,outer_disk
NGC4013,22.3,12678.9899,positive,171.0,128.69347341648682,0.7655465624912281,0.7191228635923895,outer_disk
NGC4013,22.99,12835.8432,positive,170.0,126.74445471104444,0.7990362245468123,0.7413737504030957,outer_disk
NGC4013,23.69,13969.995899999998,positive,172.0,124.9560086590477,0.8947093782305331,0.7639471138342471,outer_disk
NGC4013,24.39,14676.7375,positive,173.0,123.50005060727707,0.9622662539410137,0.7865204772653982,outer_disk
NGC4013,25.2,16141.8674,positive,176.0,121.79545393814992,1.0881571464448148,0.8126410835214446,edge
NGC4013,25.9,17260.8422,positive,178.0,120.09645207082514,1.1967450151588856,0.8352144469525958,edge
NGC4013,26.59,18368.563,positive,180.0,118.45436674095218,1.3091006288236908,0.8574653337633021,edge
NGC4013,27.41,18815.0375,positive,180.0,116.55454731583836,1.3849900211355015,0.8839084166397936,edge
NGC4013,28.1,19181.5518,positive,180.0,114.97151038409471,1.451119791807332,0.9061593034504999,edge
NGC4013,28.8,19522.715900000003,positive,180.0,113.47812167990796,1.516058490935989,0.928732666881651,edge
NGC4013,29.61,19176.413,positive,178.0,111.83732382348929,1.5331824595743364,0.9548532731376974,edge
NGC4013,30.31,18050.8074,positive,174.0,110.56759290135604,1.4765254005078008,0.9774266365688487,edge
NGC4013,31.01,17019.595800000003,positive,170.0,108.99726693821272,1.4325771677027626,1.0,edge
NGC4051,1.74,-13920.0,negative,121.0,169.0,-0.48737789293091976,0.14273995077932733,core
NGC4051,3.5,-5792.787600000003,negative,116.0,138.74,-0.3009429851052023,0.2871205906480722,inner_disk
NGC4051,5.24,-3316.678500000005,negative,140.0,151.38255678908322,-0.14472771435878037,0.42986054142739955,mid_disk
NGC4051,6.98,-7562.233800000002,negative,160.0,182.1050076192305,-0.2280375274358027,0.5726004922067269,mid_disk
NGC4051,8.72,-13196.906899999994,negative,161.0,197.78247369269096,-0.3373622963451554,0.7153404429860543,outer_disk
NGC4051,10.47,-10456.547299999998,negative,154.0,184.85818158794052,-0.30599262057353277,0.8589007383100903,edge
NGC4051,12.19,-6714.152999999998,negative,153.0,173.56022873919014,-0.22289011379386472,1.0,edge
NGC4068,0.21,-25.7296,negative,4.68,6.901594018775662,-0.540174672489083,0.09012875536480686,core
NGC4068,0.64,-123.36010000000002,negative,13.1,17.174693592608865,-0.4182122187977697,0.27467811158798283,inner_disk
NGC4068,1.06,-14.000899999999888,negative,22.5,22.809009184968996,-0.02691182273783647,0.4549356223175966,mid_disk
NGC4068,1.48,222.22040000000004,positive,30.4,26.494142748917163,0.3165805149047013,0.6351931330472103,outer_disk
NGC4068,1.91,425.1799000000001,positive,36.0,29.509661129874058,0.4882522808097794,0.8197424892703862,edge
NGC4068,2.33,849.9783,positive,41.9,30.09371529073803,0.9385474249631502,1.0,edge
NGC4085,0.87,-7206.199999999999,negative,42.2,94.8,-0.8018435435916609,0.1403225806451613,core
NGC4085,1.74,-10472.6553,negative,79.9,129.83322109537298,-0.621276813273382,0.2806451612903226,inner_disk
NGC4085,2.71,-7964.559999999998,negative,112.0,143.20810032955538,-0.38835296090998095,0.43709677419354837,mid_disk
NGC4085,3.58,-6350.220000000001,negative,127.0,149.9307173330402,-0.2824928978852469,0.5774193548387097,mid_disk
NGC4085,4.45,-7758.045000000002,negative,130.0,157.0288030903885,-0.31462530788633086,0.717741935483871,outer_disk
NGC4085,5.32,-5351.745700000003,negative,133.0,151.7917840332605,-0.2322731117161717,0.8580645161290322,edge
NGC4085,6.2,-1494.5056000000004,negative,136.0,141.38778447942383,-0.07476077043293994,1.0,edge
NGC4088,1.74,-11593.8844,negative,84.9,137.12,-0.6166338430238179,0.08100558659217877,core
NGC4088,3.5,-14001.272900000004,negative,136.0,180.27,-0.43084454942063777,0.16294227188081936,core
NGC4088,5.24,-32094.369999999995,negative,162.0,241.53337243536348,-0.550141699193858,0.24394785847299813,inner_disk
NGC4088,6.98,-38725.6045,negative,179.0,266.0199325238618,-0.5472299366857428,0.3249534450651769,inner_disk
NGC4088,8.72,-27976.82010000001,negative,182.0,247.18580076533524,-0.45787961690550216,0.4059590316573557,mid_disk
NGC4088,10.47,-23360.542500000003,negative,179.0,235.3753226232521,-0.42165870201177164,0.48743016759776536,mid_disk
NGC4088,12.19,-20596.1338,negative,174.0,225.5485176187155,-0.4048608198935032,0.5675046554934823,mid_disk
NGC4088,13.94,-13416.190100000009,negative,171.0,206.5361714083032,-0.3145118107533297,0.648975791433892,outer_disk
NGC4088,15.68,-8683.802000000003,negative,168.0,192.1140338444852,-0.2352836400281979,0.7299813780260708,outer_disk
NGC4088,17.42,-5570.997800000005,negative,165.0,181.09665319933444,-0.1698682209327384,0.8109869646182496,edge
NGC4088,19.28,27.09310000000187,positive,171.0,170.92076205072337,0.0009274042014559124,0.8975791433891993,edge
NGC4088,21.48,4515.998,positive,174.0,160.49922741247073,0.17531046775539846,1.0,edge
NGC4100,2.61,-1553.996500000003,negative,120.0,126.30913070716625,-0.09740484147655432,0.11467486818980667,core
NGC4100,3.5,3555.0620000000054,positive,148.0,135.4582518711946,0.19374756184799394,0.15377855887521968,core
NGC4100,4.37,4788.727099999996,positive,168.0,153.08583507300733,0.204338439771273,0.19200351493848858,core
NGC4100,5.24,1178.8152000000046,positive,182.0,178.7321593894059,0.036901185808760915,0.23022847100175747,inner_disk
NGC4100,6.11,-3029.6068000000014,negative,190.0,197.8120491780013,-0.07742492316585202,0.26845342706502634,inner_disk
NGC4100,6.98,-5694.576499999996,negative,194.0,208.15997814181284,-0.13142166479137418,0.30667838312829526,inner_disk
NGC4100,7.85,-2078.8564999999944,negative,195.0,200.25947293449065,-0.051836822725515055,0.34490333919156413,inner_disk
NGC4100,8.72,74.14590000000317,positive,193.0,192.80781649092964,0.0019945175790213304,0.38312829525483305,inner_disk
NGC4100,9.6,3745.3323999999993,positive,192.0,181.98534995982507,0.11308825720996092,0.42179261862917394,mid_disk
NGC4100,10.47,7424.954999999998,positive,192.0,171.5781017496114,0.2522145334537856,0.46001757469244287,mid_disk
NGC4100,11.35,9512.7862,positive,191.0,164.22001644135833,0.352740684664848,0.49868189806678376,mid_disk
NGC4100,12.19,10180.846,positive,189.0,159.81287182201564,0.3986211672803539,0.5355887521968365,mid_disk
NGC4100,13.12,10145.1031,positive,185.0,155.1769857291989,0.42131007213739363,0.5764499121265377,mid_disk
NGC4100,13.94,10564.7915,positive,182.0,150.1972319984626,0.4683139259961182,0.6124780316344464,outer_disk
NGC4100,14.86,10975.195500000002,positive,179.0,145.1406369698025,0.5209957920192414,0.6528998242530755,outer_disk
NGC4100,15.68,11060.987999999998,positive,176.0,141.12055838891797,0.5554095573731009,0.6889279437609841,outer_disk
NGC4100,16.61,11462.2543,positive,174.0,137.16320825935796,0.6092489227171811,0.7297891036906854,outer_disk
NGC4100,17.42,13743.241100000005,positive,178.0,133.94311815095242,0.7660345460637124,0.7653778558875219,outer_disk
NGC4100,18.35,14357.678200000002,positive,177.0,130.27402580714238,0.8459964621023216,0.8062390158172232,edge
NGC4100,19.16,12461.854,positive,169.0,126.88241012843348,0.7740692580836276,0.8418277680140597,edge
NGC4100,20.09,9783.95,positive,158.0,123.2073455602384,0.6445268625597415,0.882688927943761,edge
NGC4100,21.02,10590.7975,positive,158.0,119.8882917552836,0.7368432678799313,0.9235500878734622,edge
NGC4100,21.95,11304.6771,positive,158.0,116.87310597395792,0.827616213685087,0.9644112478031633,edge
NGC4100,22.76,12235.675,positive,159.0,114.21613283595272,0.9379356206150481,1.0,edge
NGC4138,2.61,-21038.290500000003,negative,179.0,230.389432266326,-0.3963559102207667,0.14047362755651238,core
NGC4138,5.24,-844.4697000000015,negative,195.0,197.1534166581954,-0.021725783925475098,0.28202368137782563,inner_disk
NGC4138,7.85,5540.5755999999965,positive,181.0,164.98613396282732,0.20354479116791419,0.422497308934338,mid_disk
NGC4138,10.65,6424.6933999999965,positive,162.0,140.78105909532007,0.324163379156766,0.5731969860064586,mid_disk
NGC4138,13.47,5651.9683,positive,145.0,123.98803047068697,0.36765476129214,0.7249730893433801,outer_disk
NGC4138,16.03,8790.7165,positive,147.0,113.21785857363668,0.6857951378591371,0.8627556512378903,edge
NGC4138,18.58,11463.3978,positive,150.0,105.05523404381144,1.0386709235565275,1.0,edge
NGC4157,1.74,-12616.885,negative,96.4,148.01974530446944,-0.5758545986975261,0.05876393110435664,core
NGC4157,3.5,-25283.14420000001,negative,157.0,223.45501605468607,-0.5063500597677119,0.1182033096926714,core
NGC4157,5.24,-21720.180499999995,negative,192.0,242.04169165662347,-0.37075163149205437,0.17696724079702805,core
NGC4157,6.98,-22074.9579,negative,201.0,249.95191117492985,-0.35333524514075504,0.23573117190138468,inner_disk
NGC4157,8.72,-24535.6929,negative,201.0,254.8267899966564,-0.3778401979568625,0.29449510300574133,inner_disk
NGC4157,10.47,-18187.059299999997,negative,194.0,236.26904007931296,-0.3257983264990996,0.353596757852077,inner_disk
NGC4157,12.19,-10778.425399999993,negative,190.0,216.51426142404569,-0.2299229402018267,0.4116852414724755,mid_disk
NGC4157,13.94,-5709.853700000007,negative,186.0,200.76317814778687,-0.1416631376300561,0.4707868963188112,mid_disk
NGC4157,15.68,-1180.5714000000007,negative,184.0,187.18058499748312,-0.033695403198042394,0.5295508274231678,mid_disk
NGC4157,17.42,1274.4374999999964,positive,182.0,178.4644572456936,0.04001428591052063,0.5883147585275246,mid_disk
NGC4157,19.16,4131.0394000000015,positive,181.0,169.2039024372665,0.14429078187414626,0.6470786896318811,outer_disk
NGC4157,20.9,7814.671899999994,positive,183.0,160.23210695737606,0.3043768806553498,0.7058426207362377,outer_disk
NGC4157,22.65,10084.470699999998,positive,185.0,155.37222821341015,0.41774024813946375,0.7649442755825734,outer_disk
NGC4157,24.39,12410.826100000002,positive,186.0,148.94688281397498,0.5594198249669796,0.8237082066869301,edge
NGC4157,26.13,14160.706299999998,positive,186.0,142.9520678409375,0.6929534024754437,0.8824721377912867,edge
NGC4157,27.87,14906.646100000004,positive,184.0,137.6566522184816,0.7866572221230195,0.9412360688956434,edge
NGC4157,29.61,16515.3527,positive,185.0,133.0775987910813,0.93256248530709,1.0,edge
NGC4183,0.87,678.6544000000006,positive,47.1,39.23971967280092,0.44075462365585855,0.04138915318744053,core
NGC4183,1.74,1929.9132000000004,positive,65.9,49.12124591253768,0.7998324669335217,0.08277830637488107,core
NGC4183,2.61,2426.0715,positive,76.1,58.009813824903794,0.7209425407007766,0.1241674595623216,core
NGC4183,3.5,3612.219900000001,positive,85.7,61.09230802646108,0.9678345358767041,0.1665080875356803,core
NGC4183,4.37,4731.731499999999,positive,96.6,67.8220355046942,1.0286756343198444,0.20789724072312085,inner_disk
NGC4183,5.24,4634.252999999999,positive,99.3,72.29271747555214,0.8867284434287992,0.2492863939105614,inner_disk
NGC4183,6.11,4756.317500000001,positive,103.0,76.5028267451602,0.8126730776870266,0.2906755470980019,inner_disk
NGC4183,6.98,4957.3020000000015,positive,107.0,80.57107421401305,0.7636371870656957,0.33206470028544244,inner_disk
NGC4183,7.85,5204.446200000001,positive,111.0,84.3596692738894,0.7313155139781283,0.37345385347288296,inner_disk
NGC4183,8.72,5279.960599999999,positive,114.0,87.84098929315404,0.6842837790589817,0.41484300666032353,mid_disk
NGC4183,9.6,5700.1707,positive,115.0,86.74577396046449,0.7575149512029462,0.45670789724072314,mid_disk
NGC4183,10.47,5304.580000000001,positive,111.0,83.76407344440693,0.7560237271999114,0.4980970504281637,mid_disk
NGC4183,11.35,5329.366999999999,positive,110.0,82.28385625382418,0.7871298001235628,0.5399619410085633,mid_disk
NGC4183,12.31,6195.8375,positive,111.0,78.263417380025,1.0115384693875469,0.5856327307326357,mid_disk
NGC4183,13.12,6231.043499999999,positive,109.0,75.16619253361182,1.102848048476125,0.6241674595623216,outer_disk
NGC4183,14.05,6368.296600000001,positive,108.0,72.77158373980876,1.202540270665461,0.6684110371075167,outer_disk
NGC4183,14.98,6778.3943,positive,109.0,71.43252550484269,1.3284182040560175,0.7126546146527117,outer_disk
NGC4183,16.03,7514.02,positive,111.0,69.33238781406565,1.563147755971525,0.7626070409134159,outer_disk
NGC4183,16.95,7603.7462,positive,110.0,67.05411098508428,1.6911292240664881,0.8063748810656517,edge
NGC4183,17.88,7509.467,positive,109.0,66.11756952580758,1.717810891511056,0.8506184586108467,edge
NGC4183,18.93,7957.7228,positive,110.0,64.36052516877095,1.921098568681015,0.9005708848715509,edge
NGC4183,19.97,8637.9087,positive,112.0,62.498730387104665,2.21139446996541,0.9500475737392958,edge
NGC4183,21.02,9032.3606,positive,113.0,61.12805738774953,2.4172417065451914,1.0,edge
NGC4214,0.21,2007.6919000000005,positive,55.5,32.74993282435858,1.871872395537362,0.037300177619893425,core
NGC4214,0.63,1073.987,positive,63.2,54.0393652812466,0.36777190195507026,0.11190053285968028,core
NGC4214,1.04,886.9174999999996,positive,66.6,59.57048346286943,0.24993148788586042,0.1847246891651865,core
NGC4214,1.46,1444.4154999999996,positive,70.5,59.378737777086506,0.40966627900430364,0.25932504440497334,inner_disk
NGC4214,1.88,2626.481599999999,positive,76.1,56.25591879971387,0.8299232250072389,0.3339253996447602,inner_disk
NGC4214,2.3,3565.6235,positive,78.8,51.41805616707034,1.348665272343977,0.40852575488454707,mid_disk
NGC4214,2.71,4123.417099999999,positive,80.1,47.88102860215098,1.798582338800752,0.48134991119005327,mid_disk
NGC4214,3.14,4450.675499999999,positive,80.1,44.33209334105486,2.2645893103693027,0.5577264653641208,mid_disk
NGC4214,3.55,4703.3143,positive,80.1,41.38472785944109,2.7461470826370387,0.6305506216696269,outer_disk
NGC4214,3.96,4936.023000000001,positive,80.4,39.09139291455345,3.2300919354743725,0.7033747779751333,outer_disk
NGC4214,4.38,5036.229899999999,positive,80.1,37.145391369589845,3.650023579844354,0.7779751332149201,outer_disk
NGC4214,4.8,5201.831000000001,positive,80.4,35.52926962379047,4.120820324970749,0.8525754884547069,edge
NGC4214,5.22,5330.870999999999,positive,80.6,34.139258925758774,4.573935060734162,0.9271758436944938,edge
NGC4214,5.63,5388.740699999999,positive,80.6,33.28091495136515,4.865156015248197,1.0,edge
NGC4217,0.87,-21770.189400000003,negative,47.8,155.09683878145293,-0.9050161210777817,0.05203349282296651,core
NGC4217,1.74,-39324.4526,negative,98.9,221.59797517125463,-0.8008129921863637,0.10406698564593302,core
NGC4217,2.61,-49090.2552,negative,146.0,265.3417705526214,-0.6972428097553468,0.15610047846889952,core
NGC4217,3.5,-52883.74089999999,negative,164.0,282.45307734206045,-0.6628718055914368,0.20933014354066987,inner_disk
NGC4217,4.37,-41455.1067,negative,174.0,267.8266355312705,-0.5779237015452321,0.2613636363636364,inner_disk
NGC4217,5.24,-33167.365000000005,negative,175.0,252.57150472687928,-0.5199268752616399,0.3133971291866029,inner_disk
NGC4217,6.11,-24427.1129,negative,184.0,241.4189572092465,-0.4191113289008968,0.36543062200956944,inner_disk
NGC4217,6.98,-19648.744400000003,negative,185.0,232.1071829995789,-0.3647183729074529,0.4174641148325359,mid_disk
NGC4217,7.85,-15869.444499999998,negative,188.0,226.30387645818175,-0.3098687201170388,0.4694976076555024,mid_disk
NGC4217,8.72,-9848.329899999995,negative,190.0,214.3556155084349,-0.21433488271354992,0.521531100478469,mid_disk
NGC4217,9.6,-4685.408300000003,negative,191.0,202.895067214558,-0.11381630055882241,0.5741626794258373,mid_disk
NGC4217,10.47,-1124.6578999999983,negative,191.0,193.92178294353627,-0.029906614132125007,0.6261961722488039,outer_disk
NGC4217,11.35,970.9830000000002,positive,189.0,186.4135644206183,0.02794194316509255,0.6788277511961722,outer_disk
NGC4217,12.19,2245.5292999999983,positive,186.0,179.86236599133238,0.06941256962916457,0.7290669856459331,outer_disk
NGC4217,13.12,3427.9939000000013,positive,183.0,173.38110075783922,0.11403456985426719,0.784688995215311,outer_disk
NGC4217,13.94,3828.193500000001,positive,179.0,167.96668270820854,0.13568992152553136,0.833732057416268,edge
NGC4217,14.86,4920.188699999999,positive,177.0,162.50788073198174,0.18630860147802256,0.8887559808612441,edge
NGC4217,15.79,6450.977400000003,positive,177.0,157.72768495099393,0.2593042664090194,0.944377990430622,edge
NGC4217,16.72,8071.356599999999,positive,178.0,153.66406020927602,0.3418235079940265,1.0,edge
NGC4389,0.87,-6762.1661,negative,27.3,86.64557749821972,-0.9007266922280105,0.16353383458646614,core
NGC4389,1.74,-10999.160499999998,negative,52.7,117.3731251181462,-0.7984030792256681,0.3270676691729323,inner_disk
NGC4389,2.71,-12775.7736,negative,69.2,132.53080245739102,-0.727366930143344,0.5093984962406015,mid_disk
NGC4389,3.58,-13642.5886,negative,83.5,143.57868435112505,-0.661784885378632,0.6729323308270676,outer_disk
NGC4389,4.45,-14640.238999999998,negative,95.9,154.39251601032998,-0.6141800102856692,0.8364661654135338,edge
NGC4389,5.32,-8050.378000000001,negative,110.0,141.95202710775214,-0.3995149867660051,1.0,edge
NGC4559,0.67,-1570.7412000000002,negative,43.8,59.06929151428854,-0.45017472867273284,0.03195040534096329,core
NGC4559,1.32,-1720.5955999999996,negative,64.2,76.4345183801141,-0.29450979347700385,0.06294706723891273,core
NGC4559,1.97,-2502.457299999999,negative,73.3,88.74315353873784,-0.31775834190829905,0.09394372913686219,core
NGC4559,2.62,-2265.2354000000005,negative,84.2,96.72060483681852,-0.2421449033944375,0.12494039103481165,core
NGC4559,3.28,-2091.061000000001,negative,96.2,106.5152618172626,-0.18430750656141154,0.156413924654268,core
NGC4559,3.93,-2842.9930000000004,negative,102.0,115.09558201772994,-0.21461421471272768,0.18741058655221748,core
NGC4559,4.58,-3013.534499999998,negative,104.0,117.59904123758832,-0.21790570752761043,0.21840724845016693,inner_disk
NGC4559,5.22,-2428.6737999999987,negative,106.0,116.8959956542567,-0.17773375607400146,0.24892703862660945,inner_disk
NGC4559,5.9,-2278.747199999998,negative,106.0,116.25294490893552,-0.16861189974755864,0.28135431568907965,inner_disk
NGC4559,6.54,-1343.636800000002,negative,108.0,114.05102717643538,-0.10329599608746777,0.31187410586552217,inner_disk
NGC4559,7.19,-199.54419999999843,negative,111.0,111.89523761090102,-0.01593734240401455,0.34287076776347164,inner_disk
NGC4559,7.87,392.17149999999856,positive,114.0,112.26677380240336,0.03111526787277362,0.37529804482594187,inner_disk
NGC4559,8.51,777.3866999999991,positive,116.0,112.59934857715652,0.061314804829641675,0.4058178350023844,mid_disk
NGC4559,9.16,1349.1046000000006,positive,117.0,111.08508180669446,0.10932869009570377,0.43681449690033386,mid_disk
NGC4559,9.84,2293.594700000001,positive,118.0,107.84435682964592,0.19720677318098292,0.46924177396280403,mid_disk
NGC4559,10.48,3448.598399999999,positive,120.0,104.6489445718398,0.31490018592688623,0.4997615641392466,mid_disk
NGC4559,11.13,4222.252699999999,positive,121.0,102.07226508704508,0.40525531317954105,0.530758226037196,mid_disk
NGC4559,11.78,5008.727099999998,positive,122.0,99.37440767119068,0.507198854221031,0.5617548879351455,mid_disk
NGC4559,12.43,5501.2143,positive,122.0,96.8647804932216,0.5863092769986207,0.592751549833095,mid_disk
NGC4559,13.08,5878.4828,positive,122.0,94.89740354719932,0.6527645963521119,0.6237482117310443,outer_disk
NGC4559,13.73,6404.435099999999,positive,123.0,93.40537939540742,0.7340692829277937,0.6547448736289938,outer_disk
NGC4559,14.38,6949.0095,positive,124.0,91.79864105747971,0.8246134251605007,0.6857415355269433,outer_disk
NGC4559,15.03,7251.3734,positive,124.0,90.1367106122694,0.8925177435231302,0.7167381974248928,outer_disk
NGC4559,15.68,7179.851,positive,123.0,89.15800020188878,0.9032225965320312,0.7477348593228422,outer_disk
NGC4559,16.33,7295.7127,positive,123.0,88.50586025795128,0.9313730520263184,0.7787315212207916,outer_disk
NGC4559,16.98,7417.495000000001,positive,123.0,87.81517522615324,0.9618738495274272,0.8097281831187412,edge
NGC4559,17.72,7071.659800000001,positive,121.0,87.00195515044474,0.9342504912119027,0.8450166905102527,edge
NGC4559,18.28,7384.5851,positive,122.0,86.59916223613251,0.9846881654727492,0.87172150691464,edge
NGC4559,19.02,7508.969099999999,positive,122.0,85.8780000931554,1.018161035772745,0.9070100143061517,edge
NGC4559,19.67,7394.8552,positive,121.0,85.12429030541165,1.0205226922873527,0.9380066762041013,edge
NGC4559,20.32,7307.4023,positive,120.0,84.21756170775784,1.0302857442485425,0.9690033381020506,edge
NGC4559,20.97,7249.387499999999,positive,119.0,83.1361082803375,1.0488706506622005,1.0,edge
NGC5005,0.49,-19620.0834,negative,211.0,253.26089986415195,-0.3058894917262966,0.04272013949433304,core
NGC5005,0.98,-42910.63080000001,negative,233.0,311.76855325705964,-0.4414690719175036,0.08544027898866607,core
NGC5005,1.47,-45032.11739999999,negative,227.0,310.7428477053012,-0.46635870226580445,0.1281604184829991,core
NGC5005,1.97,-40095.729300000006,negative,234.0,307.98007938826174,-0.4227200663172306,0.17175239755884916,core
NGC5005,2.46,-39638.4069,negative,245.0,315.6951170037319,-0.39772277642256687,0.2144725370531822,inner_disk
NGC5005,2.95,-44214.80729999999,negative,244.0,322.10372133832914,-0.42616350128390756,0.25719267654751526,inner_disk
NGC5005,3.44,-38427.8664,negative,261.0,326.4182384610272,-0.3606595517941614,0.2999128160418483,inner_disk
NGC5005,3.93,-37456.3619,negative,259.0,323.3223807595137,-0.358305979979011,0.34263295553618134,inner_disk
NGC5005,4.42,-34895.85400000002,negative,258.0,318.52763459392344,-0.34393755386243724,0.38535309503051435,inner_disk
NGC5005,4.92,-33634.88689999998,negative,258.0,316.54207761370367,-0.33568124298195157,0.4289450741063644,mid_disk
NGC5005,5.74,-30893.039399999994,negative,261.0,314.6649637312677,-0.31200665670448335,0.5004359197907585,mid_disk
NGC5005,6.56,-28797.501800000013,negative,263.0,312.9960092397346,-0.29395253756013984,0.5719267654751525,mid_disk
NGC5005,7.37,-24918.425699999996,negative,264.0,307.5945800887916,-0.2633681440820709,0.6425457715780296,outer_disk
NGC5005,8.19,-21930.22009999999,negative,265.0,303.57078268502715,-0.23797045979818562,0.7140366172624236,outer_disk
NGC5005,9.01,-19990.47500000002,negative,265.0,300.3589103056542,-0.2215858753722686,0.7855274629468177,outer_disk
NGC5005,9.83,-16864.497300000003,negative,264.0,294.2116539160201,-0.1948290250869435,0.8570183086312119,edge
NGC5005,10.65,-11493.084600000017,negative,264.0,284.93698355952324,-0.14155948002892021,0.9285091543156059,edge
NGC5005,11.47,-5161.830499999996,negative,265.0,274.56662306260023,-0.06847124976291445,1.0,edge
NGC5033,0.76,-43568.311700000006,negative,206.0,293.26491726764726,-0.5065828775186862,0.017044180309486432,core
NGC5033,2.28,-47615.3738,negative,214.0,305.63274333749,-0.5097385025291211,0.051132540928459286,core
NGC5033,3.8,-35724.0138,negative,222.0,291.5613379719609,-0.42024289479399646,0.08522090154743214,core
NGC5033,5.33,-20097.39420000001,negative,224.0,265.0912940856414,-0.2859886651099031,0.119533527696793,core
NGC5033,6.85,-8218.534500000002,negative,225.0,242.5768630764278,-0.13966758743902444,0.15362188831576584,core
NGC5033,8.0,-1642.6776000000027,negative,222.0,225.6693989002497,-0.03225573859151578,0.17941242431038348,core
NGC5033,10.28,5512.918999999994,positive,220.0,207.09196266393343,0.12854498071342263,0.23054496523884277,inner_disk
NGC5033,12.56,9744.650599999994,positive,218.0,194.36910608427465,0.25793590294066815,0.2816775061673021,inner_disk
NGC5033,14.91,14903.095700000003,positive,219.0,181.81832773403235,0.4508179213284251,0.3343799058084772,inner_disk
NGC5033,17.15,17405.1614,positive,217.0,172.28998403853893,0.5863514363671282,0.3846153846153846,inner_disk
NGC5033,19.39,20150.4351,positive,218.0,165.44958416387755,0.7361275439867899,0.43485086342229196,mid_disk
NGC5033,21.64,21955.539200000003,positive,220.0,162.6175291904289,0.8302509688531824,0.48531060775958734,mid_disk
NGC5033,24.01,24417.813900000005,positive,222.0,157.69015853882573,0.9819685979105582,0.5384615384615384,mid_disk
NGC5033,26.25,24584.066999999995,positive,218.0,151.45934437993586,1.0716712642534738,0.5886970172684458,mid_disk
NGC5033,28.5,26059.5607,positive,217.0,145.0153071230758,1.2391942708619914,0.6391567616057412,outer_disk
NGC5033,30.87,23623.0891,positive,207.0,138.6575309891244,1.2287110464035287,0.6923076923076923,outer_disk
NGC5033,33.12,21765.2915,positive,199.0,133.5503968545208,1.2203211047096891,0.7427674366449876,outer_disk
NGC5033,35.36,19948.9555,positive,191.0,128.5769983317389,1.2066841158091495,0.7930029154518949,outer_disk
NGC5033,37.73,21863.741,positive,193.0,124.0373290586346,1.4210837139628267,0.846153846153846,edge
NGC5033,39.98,22411.7307,positive,192.0,120.21759147479209,1.5507412873907624,0.8966135904911414,edge
NGC5033,42.22,23995.867400000003,positive,194.0,116.79097824746567,1.7592107132448258,0.9468490692980488,edge
NGC5033,44.59,25541.9991,positive,196.0,113.46365453307064,1.9839985485786318,1.0,edge
NGC5055,0.72,-24974.0304,negative,125.0,201.4920107597321,-0.6151385920782976,0.013189228796482872,core
NGC5055,1.43,-31432.2553,negative,162.0,240.15881266362052,-0.5449773938426965,0.02619527385968126,core
NGC5055,2.16,-37643.82099999998,negative,178.0,263.30176793937403,-0.5429828957122422,0.03956768638944862,core
NGC5055,2.87,-41594.4632,negative,193.0,280.7907818999762,-0.5275575363107591,0.052573731452647,core
NGC5055,3.59,-37876.18329999999,negative,192.0,273.3865089941345,-0.5067713461173703,0.06576296024912986,core
NGC5055,4.3,-38008.06450000001,negative,190.0,272.22796421381844,-0.5128735280895105,0.07876900531232826,core
NGC5055,5.03,-36974.009300000005,negative,195.0,273.85946998415085,-0.4929933027795341,0.09214141784209562,core
NGC5055,5.75,-36093.3764,negative,201.0,276.5761674475948,-0.47184352757204784,0.10533064663857848,core
NGC5055,6.46,-36992.47050000001,negative,204.0,280.372021607007,-0.47059140401415145,0.11833669170177688,core
NGC5055,7.18,-34857.0845,negative,204.0,276.53767284042874,-0.45580853352397466,0.13152592049825973,core
NGC5055,7.91,-31903.884900000005,negative,206.0,272.6534153462964,-0.4291624199165258,0.1448983330280271,core
NGC5055,8.62,-29712.748199999987,negative,206.0,268.6051901955731,-0.41182624704221815,0.15790437809122548,core
NGC5055,11.49,-18967.161300000007,negative,206.0,247.79661276942429,-0.3088955177296385,0.2104781095438725,inner_disk
NGC5055,14.3,-10293.733800000002,negative,206.0,229.62955776641647,-0.19521687401350019,0.2619527385968126,inner_disk
NGC5055,17.19,-4505.097999999998,negative,203.0,213.808554552899,-0.0985494234185699,0.3148928375160286,inner_disk
NGC5055,20.07,1758.4383000000016,positive,200.0,195.55449803060012,0.04598238727264118,0.36764975270196004,inner_disk
NGC5055,22.96,5073.057899999996,positive,194.0,180.45204930950496,0.15579236926506082,0.420589851621176,mid_disk
NGC5055,25.85,6972.999000000003,positive,188.0,168.43693478569358,0.24577909676151383,0.473529950540392,mid_disk
NGC5055,28.74,8543.644,positive,184.0,159.0985732179896,0.33752859670589336,0.526470049459608,mid_disk
NGC5055,31.62,10131.911600000009,positive,182.0,151.63142286478748,0.4406694782888887,0.5792269646455395,mid_disk
NGC5055,34.51,11183.305099999998,positive,180.0,145.65951702515014,0.5270993032944069,0.6321670635647554,outer_disk
NGC5055,37.4,13335.519500000002,positive,181.0,139.3753224211517,0.6864962490889225,0.6851071624839713,outer_disk
NGC5055,40.29,14233.005999999998,positive,180.0,134.78499174611397,0.7834541036343154,0.7380472614031873,outer_disk
NGC5055,43.17,14941.6832,positive,179.0,130.76435599963776,0.8738175550967041,0.7908041765891188,outer_disk
NGC5055,45.92,15742.929499999998,positive,179.0,127.66389661920869,0.9659382379036828,0.841179703242352,edge
NGC5055,48.81,16638.8175,positive,179.0,124.10552969146862,1.0802895953219618,0.8941198021615681,edge
NGC5055,51.7,15722.3075,positive,174.0,120.63868575212514,1.0802968044020442,0.947059901080784,edge
NGC5055,54.59,15890.910000000002,positive,172.0,117.017477327107,1.1605057733499158,1.0,edge
NGC5371,1.45,-11376.810000000003,negative,216.0,240.9,-0.19604099818706008,0.03135813148788927,core
NGC5371,2.88,-7859.153599999998,negative,215.0,232.56,-0.14531342503989927,0.06228373702422145,core
NGC5371,4.33,-9254.0916,negative,215.0,235.54,-0.16680322862388036,0.09364186851211072,core
NGC5371,5.78,-13622.937599999996,negative,214.0,243.76,-0.22926928939234342,0.125,core
NGC5371,7.22,-13956.9024,negative,215.0,245.32,-0.2319119509920976,0.1561418685121107,core
NGC5371,8.66,-15168.0,negative,221.0,253.0,-0.2369666765611086,0.18728373702422144,core
NGC5371,11.55,-25124.63399999999,negative,233.0,281.8042476613864,-0.31637683272371075,0.24978373702422146,inner_disk
NGC5371,14.48,-34470.5386,negative,237.0,301.0640108016898,-0.38030355331045346,0.3131487889273356,inner_disk
NGC5371,17.28,-30209.270099999994,negative,242.0,297.94843530382906,-0.34029691669542306,0.3737024221453287,inner_disk
NGC5371,20.2,-30672.998800000016,negative,241.0,297.91609355655834,-0.34559568261390844,0.43685121107266434,mid_disk
NGC5371,23.12,-26904.3082,negative,240.0,290.69624730979933,-0.3183779475044563,0.5,mid_disk
NGC5371,26.04,-19952.6314,negative,234.0,273.32879723878347,-0.2670726397485579,0.5631487889273356,mid_disk
NGC5371,28.84,-14338.321299999989,negative,226.0,255.7622358754317,-0.21919238807419983,0.6237024221453287,outer_disk
NGC5371,31.76,-12775.03850000001,negative,213.0,241.13074980184507,-0.21971364269786675,0.6868512110726643,outer_disk
NGC5371,34.68,-9787.999999999993,negative,207.0,229.4275484766378,-0.18595284685677363,0.75,outer_disk
NGC5371,37.48,-3275.9545,negative,208.0,215.7312089151683,-0.070390152616071,0.810553633217993,edge
NGC5371,40.4,1636.671000000002,positive,209.0,205.04713848283765,0.03892727126172003,0.8737024221453287,edge
NGC5371,43.32,4372.204700000009,positive,207.0,196.1550287400249,0.11363224681032646,0.9368512110726643,edge
NGC5371,46.24,9773.5086,positive,213.0,188.66767449671923,0.2745715318316971,1.0,edge
NGC5585,0.09,-36.46080000000002,negative,11.2,12.724024520567385,-0.22520456971182357,0.008211678832116787,core
NGC5585,0.26,-24.435200000000123,negative,26.5,26.957099250475743,-0.033625564412210575,0.023722627737226276,core
NGC5585,0.43,-115.78559999999992,negative,33.7,35.37620103968204,-0.09251926286057825,0.03923357664233576,core
NGC5585,0.6,-538.1733999999999,negative,32.7,40.09318395937145,-0.33479667406424296,0.05474452554744525,core
NGC5585,0.77,-744.0896999999995,negative,33.7,43.35642628261697,-0.39583877834195125,0.07025547445255474,core
NGC5585,0.94,-840.335,negative,35.7,45.987226487362776,-0.3973543910252621,0.08576642335766423,core
NGC5585,1.11,-897.6025,negative,37.8,48.23320951377795,-0.3858262131989078,0.10127737226277372,core
NGC5585,1.28,-671.5032000000001,negative,41.8,49.1807197995312,-0.27762484252152114,0.11678832116788321,core
NGC5585,1.46,-617.1718000000003,negative,43.9,50.44186554837162,-0.242562574531857,0.13321167883211676,core
NGC5585,1.63,-644.4096,negative,44.9,51.57925552002471,-0.24222103911728818,0.14872262773722625,core
NGC5585,2.05,-112.28500000000032,negative,53.2,54.24504585674161,-0.03815940391330585,0.18704379562043794,core
NGC5585,2.74,840.4954000000002,positive,64.3,57.39333236535408,0.2551599204200275,0.25,inner_disk
NGC5585,3.42,1978.0054999999995,positive,73.1,58.01383024762285,0.5877118063040383,0.31204379562043794,inner_disk
NGC5585,4.11,2191.901500000001,positive,76.2,60.12103209360265,0.6064125475492932,0.375,inner_disk
NGC5585,4.79,2518.492400000001,positive,78.4,60.23344253817808,0.6941690943134577,0.43704379562043794,mid_disk
NGC5585,5.48,3471.713999999998,positive,83.1,58.59945392237031,1.0110131465833552,0.5,mid_disk
NGC5585,6.16,4490.3820000000005,positive,88.0,57.040494387759296,1.3801196083867255,0.5620437956204379,mid_disk
NGC5585,6.85,5090.119100000002,positive,89.9,54.698180042849685,1.7013050509294985,0.6249999999999999,outer_disk
NGC5585,7.53,5434.635799999998,positive,90.6,52.66615801442137,1.9593281120019064,0.6870437956204379,outer_disk
NGC5585,8.21,5712.911,positive,91.6,51.74600467668977,2.1335548460608544,0.749087591240876,outer_disk
NGC5585,8.9,5938.883099999999,positive,92.3,50.79770565685029,2.3015296928558047,0.8120437956204379,edge
NGC5585,9.57,5793.0556000000015,positive,90.9,49.696623627767714,2.3455998701733263,0.8731751824817517,edge
NGC5585,10.31,5650.354999999999,positive,89.6,48.76274192454727,2.37629031817159,0.9406934306569342,edge
NGC5585,10.96,5720.7952000000005,positive,89.4,47.66093578602921,2.5184380388356082,1.0,edge
NGC5907,5.03,13808.677500000002,positive,214.0,178.85,0.4316921961817843,0.09994039340353666,core
NGC5907,7.55,5381.091899999999,positive,220.0,207.41,0.12508666857585815,0.15000993443274388,core
NGC5907,10.07,3668.7563999999984,positive,235.0,227.06,0.07116027359293489,0.20007947546195112,inner_disk
NGC5907,12.58,737.8789999999935,positive,235.0,233.4247651814177,0.01354226441877877,0.24995032783628054,inner_disk
NGC5907,15.1,1843.5606000000043,positive,230.0,225.95672019216423,0.03610828764529954,0.30001986886548776,inner_disk
NGC5907,17.61,5196.227500000001,positive,231.0,219.46474090386363,0.10788439829130309,0.3498907212398172,inner_disk
NGC5907,20.13,8386.347499999996,positive,232.0,213.1610951839008,0.1845682388631321,0.3999602622690244,inner_disk
NGC5907,22.65,8389.9067,positive,225.0,205.51178384705827,0.19864776053424746,0.45002980329823167,mid_disk
NGC5907,25.16,12503.195900000006,positive,224.0,194.0948327493548,0.33188917572504256,0.4999006556725611,mid_disk
NGC5907,27.68,17819.189100000003,positive,229.0,186.069371203323,0.5146810243828118,0.5499701967017684,mid_disk
NGC5907,30.2,14670.551099999995,positive,218.0,181.2552037873672,0.44654523622936854,0.6000397377309755,outer_disk
NGC5907,32.71,15685.330700000006,positive,214.0,173.52426141609132,0.5209226850364301,0.649910590105305,outer_disk
NGC5907,35.23,16959.6175,positive,213.0,168.5508306120145,0.5969724086751973,0.6999801311345122,outer_disk
NGC5907,37.75,18365.8254,positive,211.0,161.72561516346136,0.7021870693227947,0.7500496721637194,outer_disk
NGC5907,40.26,22409.3035,positive,217.0,157.09772913699294,0.9080056353205154,0.7999205245380488,outer_disk
NGC5907,42.78,23703.2939,positive,216.0,151.50150527305,1.0327014948359405,0.8499900655672562,edge
NGC5907,45.29,24533.2126,positive,215.0,147.28132060787615,1.1309908283537757,0.8998609179415855,edge
NGC5907,47.81,26538.9695,positive,217.0,143.35281824924127,1.291432122205366,0.9499304589707929,edge
NGC5907,50.33,25903.6607,positive,214.0,141.04020455175183,1.302192784334822,1.0,edge
NGC5985,3.54,23411.9746,positive,223.0,162.22523046678037,0.8896132539356061,0.10195852534562212,core
NGC5985,4.23,26856.669100000003,positive,230.0,161.37946244798314,1.031230191065921,0.12183179723502306,core
NGC5985,4.97,35266.3336,positive,248.0,161.98045067229563,1.3441109076682216,0.14314516129032256,core
NGC5985,5.74,38633.3501,positive,258.0,167.12465377675431,1.3831883697056402,0.1653225806451613,core
NGC5985,6.47,39125.9901,positive,263.0,173.3291951749618,1.302332563555824,0.1863479262672811,core
NGC5985,7.22,40926.1066,positive,272.0,181.81829775905396,1.2380131457499342,0.20794930875576037,inner_disk
NGC5985,8.02,46576.7807,positive,287.0,189.18831702829857,1.3013102180003686,0.23099078341013823,inner_disk
NGC5985,8.79,45204.7837,positive,289.0,195.74528423438457,1.1797820365681564,0.2531682027649769,inner_disk
NGC5985,9.5,44253.8495,positive,292.0,202.5096306351873,1.079095027949239,0.2736175115207373,inner_disk
NGC5985,10.27,46530.019400000005,positive,302.0,211.3622023920076,1.0415463044723627,0.295794930875576,inner_disk
NGC5985,11.08,43171.74,positive,302.0,219.162633676455,0.8988071766766751,0.3191244239631337,inner_disk
NGC5985,11.82,42771.48080000001,positive,304.0,222.8105006502162,0.8615549407919337,0.3404377880184332,inner_disk
NGC5985,12.56,41045.1904,positive,303.0,225.30825462019808,0.8085522092100823,0.36175115207373276,inner_disk
NGC5985,13.39,41070.4979,positive,305.0,227.9353024434785,0.7905089306976535,0.3856566820276498,inner_disk
NGC5985,14.1,37153.4831,positive,300.0,229.88370298914188,0.703045068614541,0.40610599078341014,mid_disk
NGC5985,14.93,34219.668999999994,positive,295.0,229.79410566853105,0.6480343622881558,0.4300115207373272,mid_disk
NGC5985,15.64,34086.159900000006,positive,294.0,228.80087434273497,0.6511225217667858,0.4504608294930876,mid_disk
NGC5985,16.35,31848.1899,positive,290.0,228.586548379383,0.6095136195099966,0.470910138248848,mid_disk
NGC5985,17.18,32517.728800000004,positive,291.0,228.39280023678504,0.6233836193923361,0.49481566820276496,mid_disk
NGC5985,17.89,30508.820599999992,positive,286.0,226.46672912372804,0.5948625164596201,0.5152649769585254,mid_disk
NGC5985,18.72,32744.123,positive,287.0,222.76641802569796,0.6598328294093302,0.5391705069124424,mid_disk
NGC5985,19.44,37971.79630000001,positive,294.0,220.14586914134907,0.783501912773613,0.5599078341013826,mid_disk
NGC5985,20.26,36396.4142,positive,290.0,218.41150564931328,0.7629701958379823,0.5835253456221199,mid_disk
NGC5985,20.98,35911.035,positive,288.0,216.8708486634384,0.7635290481899238,0.6042626728110599,outer_disk
NGC5985,21.69,37846.045,positive,290.0,215.0673266677205,0.818222895750212,0.6247119815668203,outer_disk
NGC5985,22.52,41080.6375,positive,294.0,212.96798468314432,0.9057503950056622,0.6486175115207373,outer_disk
NGC5985,23.23,43590.2189,positive,297.0,211.23158168228537,0.9769477745773743,0.6690668202764978,outer_disk
NGC5985,24.06,41872.6376,positive,293.0,209.70541814650375,0.952162373484534,0.6929723502304147,outer_disk
NGC5985,24.77,41191.66200000001,positive,291.0,208.54097439112533,0.947166912497036,0.7134216589861752,outer_disk
NGC5985,25.95,45332.4431,positive,297.0,207.06655186195573,1.0572780646946023,0.7474078341013825,outer_disk
NGC5985,28.92,44457.3581,positive,292.0,202.0065392505896,1.0894637742783728,0.8329493087557605,edge
NGC5985,31.76,45346.1771,positive,288.0,193.9015804474012,1.2060851826609358,0.9147465437788019,edge
NGC5985,34.72,45178.6194,positive,285.0,189.85884388144788,1.2533469005207143,1.0,edge
NGC6015,0.34,-506.38379999999984,negative,35.5,42.03134306681146,-0.28663767216499536,0.011631885049606569,core
NGC6015,0.67,3.5395000000003165,positive,62.4,62.37163217360918,0.0009098455987264261,0.02292165583304824,core
NGC6015,1.0,1737.1295999999993,positive,90.7,80.55656646108994,0.26768887731986635,0.034211426616489904,core
NGC6015,1.32,3254.5955000000013,positive,104.0,86.95633674436843,0.43042208626717454,0.04515908313376668,core
NGC6015,1.65,2487.0782000000017,positive,105.0,92.40087553697744,0.29129784252650376,0.056448853917208344,core
NGC6015,1.98,2010.1339000000007,positive,108.0,98.25408948232128,0.20822061122227514,0.06773862470065002,core
NGC6015,2.31,2369.9259,positive,116.0,105.29042739014788,0.21377503691771277,0.07902839548409168,core
NGC6015,2.63,4218.007100000001,positive,130.0,112.61435476883042,0.33259812816958767,0.08997605200136845,core
NGC6015,2.96,5176.1939,positive,141.0,121.26337493241724,0.3520069468988103,0.10126582278481013,core
NGC6015,3.28,4514.061899999997,positive,146.0,129.622290135609,0.26866316689977554,0.11221347930208689,core
NGC6015,3.61,3590.303500000002,positive,150.0,137.51253215616384,0.18986573898740272,0.12350325008552857,core
NGC6015,3.94,2427.8453999999983,positive,152.0,143.79205332701804,0.11742248241846666,0.13479302086897024,core
NGC6015,4.27,2042.5820000000024,positive,155.0,148.26468898561112,0.09291889545545003,0.1460827916524119,core
NGC6015,4.6,590.531500000001,positive,152.0,150.04488828347334,0.02623014308079633,0.15737256243585357,core
NGC6015,4.94,-12.092200000002777,negative,150.0,150.04030191918437,-0.0005371424340560747,0.16900444748546015,core
NGC6015,5.3,-366.5212999999967,negative,147.0,148.24142909456856,-0.016678616857202688,0.1813205610673965,core
NGC6015,5.63,-449.7741000000024,negative,145.0,146.54273813464795,-0.02094429947926681,0.19261033185083817,core
NGC6015,5.96,1615.9167000000016,positive,152.0,146.58814174413973,0.07520059734690257,0.20390010263427985,inner_disk
NGC6015,6.27,787.0707000000002,positive,149.0,146.33499000580824,0.036755080722154075,0.2145056448853917,inner_disk
NGC6015,8.24,2712.0867,positive,149.0,139.60269803983016,0.13916048874823614,0.28190215531987683,inner_disk
NGC6015,10.3,4649.267900000003,positive,146.0,129.0996982955421,0.27895497882275333,0.35237769414984604,inner_disk
NGC6015,11.13,6236.1792000000005,positive,149.0,126.35197188805564,0.390620056317826,0.3807731782415327,inner_disk
NGC6015,11.95,7678.5422,positive,152.0,124.19926650347014,0.49778374811021814,0.4088265480670544,mid_disk
NGC6015,12.72,8655.7486,positive,153.0,121.46296307928604,0.5867010847520702,0.43516934656175166,mid_disk
NGC6015,13.58,10360.4822,positive,156.0,118.21809421573332,0.7413308292591492,0.46459117345193296,mid_disk
NGC6015,14.43,11678.960300000002,positive,158.0,115.26074657054758,0.8791061648088268,0.49367088607594933,mid_disk
NGC6015,15.29,12335.6064,positive,158.0,112.37612557834515,0.9768151667366466,0.5230927129661307,mid_disk
NGC6015,16.02,13190.902300000002,positive,159.0,109.95498033286168,1.0910500996199561,0.5480670543961683,mid_disk
NGC6015,16.88,14467.067900000002,positive,161.0,107.02304471467816,1.263065624424297,0.5774888812863496,mid_disk
NGC6015,17.73,15685.6844,positive,163.0,104.3231307045566,1.4412597205211983,0.6065685939103661,outer_disk
NGC6015,18.59,15895.3516,positive,162.0,101.7283067783987,1.5359833463856014,0.6359904208005474,outer_disk
NGC6015,19.32,16938.6711,positive,164.0,99.78641641025096,1.7011260017734269,0.660964762230585,outer_disk
NGC6015,20.18,17666.3255,positive,165.0,97.7684739576107,1.8481982517555124,0.6903865891207663,outer_disk
NGC6015,21.04,18386.3792,positive,166.0,95.75813699106725,2.005140626971183,0.7198084160109476,outer_disk
NGC6015,21.89,17766.006,positive,163.0,93.82427191297568,2.018177679094182,0.7488881286349641,outer_disk
NGC6015,22.63,16748.254,positive,159.0,92.37286398071676,1.962821112921913,0.7742045843311666,outer_disk
NGC6015,23.48,15776.5932,positive,155.0,90.8207399221125,1.9126836954743796,0.803284296955183,edge
NGC6015,24.34,15752.1351,positive,154.0,89.24048912909431,1.9779510699635297,0.8327061238453644,edge
NGC6015,25.19,14470.391,positive,149.0,87.9238818524296,1.8718306668983,0.8617858364693808,edge
NGC6015,25.93,15678.99,positive,153.0,87.92047543092565,2.02832725960251,0.8871022921655832,edge
NGC6015,26.78,17152.9852,positive,156.0,84.75266839457034,2.3879924624407005,0.9161820047895998,edge
NGC6015,27.64,15956.1891,positive,151.0,82.73337234755996,2.3311365840654563,0.945603831679781,edge
NGC6015,28.37,18377.3915,positive,158.0,81.15792321147701,2.790114442053145,0.9705781731098188,edge
NGC6015,29.23,16756.958000000002,positive,152.0,79.66832494787373,2.640120862600248,1.0,edge
NGC6195,1.33,-28277.352400000003,negative,175.0,242.6980683895115,-0.48007169913981235,0.03650837222069723,core
NGC6195,2.34,-17850.920400000003,negative,237.0,272.06602213433416,-0.24116373408042738,0.06423277518528685,core
NGC6195,3.33,-18208.108199999988,negative,247.0,281.45533961891715,-0.22985070540608285,0.09140818007136975,core
NGC6195,4.34,-24417.194499999983,negative,242.0,288.06456654715447,-0.2942497351011257,0.11913258303595937,core
NGC6195,5.35,-27091.649300000005,negative,240.0,291.0182971910873,-0.3198857210116937,0.146856986000549,core
NGC6195,6.34,-33092.00289999999,negative,233.0,295.60277891115976,-0.3787093510230242,0.1740323908866319,core
NGC6195,7.34,-34636.68900000001,negative,233.0,298.2041062762215,-0.38950149714330584,0.20148229481196817,inner_disk
NGC6195,8.32,-27538.258899999983,negative,247.0,297.5689145391366,-0.3110006932128759,0.2283832006587977,inner_disk
NGC6195,9.34,-25211.64559999999,negative,248.0,294.47520370992186,-0.29073929422489353,0.25638210266264067,inner_disk
NGC6195,10.38,-27815.719599999986,negative,242.0,293.90426944840385,-0.3220167850602747,0.2849300027449904,inner_disk
NGC6195,11.36,-21859.1102,negative,252.0,292.1696599580456,-0.2560720918999505,0.3118309085918199,inner_disk
NGC6195,12.34,-23722.8346,negative,245.0,289.3921813041949,-0.28326505053302,0.33873181443864947,inner_disk
NGC6195,13.32,-22501.6379,negative,247.0,288.9820719352673,-0.2694463659461521,0.365632720285479,inner_disk
NGC6195,14.3,-27876.80339999999,negative,238.0,290.72461780867474,-0.32982179864135075,0.3925336261323086,inner_disk
NGC6195,15.47,-24469.7438,negative,249.0,294.05908215867095,-0.28298292260092717,0.424650013724952,mid_disk
NGC6195,16.35,-24168.58610000001,negative,250.0,294.395288854968,-0.2788621251085576,0.44880592917924794,mid_disk
NGC6195,17.92,-22476.2114,negative,253.0,294.08368094812744,-0.25988502584616446,0.4919022783420259,mid_disk
NGC6195,19.1,-20187.300099999997,negative,258.0,294.5357365414255,-0.23270314193250918,0.5242931649739226,mid_disk
NGC6195,22.52,-18049.5941,negative,254.0,287.34229431115773,-0.21860914702726036,0.6181718363985726,outer_disk
NGC6195,26.05,-6856.266399999993,negative,256.0,269.058109708665,-0.09470992884952686,0.7150699972550096,outer_disk
NGC6195,29.48,2114.9211,positive,255.0,250.81881687784116,0.03361816003063381,0.809223167718913,edge
NGC6195,33.0,4016.413299999993,positive,244.0,235.625946576348,0.07234227664018242,0.9058468295360966,edge
NGC6195,36.43,9359.084499999995,positive,246.0,226.17894574871465,0.1829485692897179,1.0,edge
NGC6503,0.76,911.3599999999996,positive,77.0,70.83530193342865,0.18163120510837752,0.03234042553191489,core
NGC6503,1.52,-5228.9133,negative,100.0,123.40548326553404,-0.343354328506158,0.06468085106382979,core
NGC6503,2.28,-8340.647999999997,negative,110.0,142.97079422035816,-0.40804224993258525,0.09702127659574468,core
NGC6503,3.04,-4298.992799999996,negative,118.0,134.99256572122775,-0.23591036045407415,0.12936170212765957,core
NGC6503,3.79,-413.9033999999992,negative,121.0,122.69842460276334,-0.027492929645765725,0.16127659574468084,core
NGC6503,4.55,1983.610700000001,positive,121.0,112.50506344160692,0.15671562697372365,0.19361702127659575,core
NGC6503,5.31,2724.564599999998,positive,117.0,104.7111999740238,0.24849109877559197,0.22595744680851063,inner_disk
NGC6503,6.07,3746.137499999999,positive,116.0,98.53863455518348,0.3858074715270169,0.25829787234042556,inner_disk
NGC6503,6.83,4586.049500000001,positive,116.0,94.18041463064388,0.5170321412729417,0.2906382978723404,inner_disk
NGC6503,7.59,5309.579999999999,positive,116.0,90.25752046228614,0.6517685069024183,0.3229787234042553,inner_disk
NGC6503,8.35,5775.0534,positive,115.0,86.31307316971167,0.7751805093475433,0.35531914893617017,inner_disk
NGC6503,9.11,6319.8572,positive,115.0,83.09718888145375,0.9152391750681825,0.3876595744680851,inner_disk
NGC6503,9.86,6939.1983,positive,116.0,80.72670995401708,1.0648165495046442,0.41957446808510634,mid_disk
NGC6503,10.64,7538.115999999998,positive,117.0,78.42757168241282,1.2255337606757009,0.45276595744680853,mid_disk
NGC6503,11.38,7880.845600000001,positive,117.0,76.21124851358886,1.3568588328161526,0.4842553191489362,mid_disk
NGC6503,12.12,8398.2876,positive,118.0,74.33513570311149,1.5198560822673288,0.5157446808510638,mid_disk
NGC6503,12.86,8403.341499999999,positive,117.0,72.70253434372148,1.5898381441025742,0.5472340425531914,mid_disk
NGC6503,13.7,8425.7868,positive,116.0,70.9239959393152,1.6750357221439443,0.5829787234042553,mid_disk
NGC6503,14.44,8429.4479,positive,115.0,69.24992490970658,1.7577638036713228,0.614468085106383,outer_disk
NGC6503,15.18,9117.679,positive,117.0,67.61154487215921,1.9945392152509094,0.6459574468085106,outer_disk
NGC6503,15.91,9079.0887,positive,116.0,66.1582292689277,2.0743140716605333,0.6770212765957447,outer_disk
NGC6503,16.65,9006.008600000001,positive,115.0,64.9537635553168,2.1346354486524906,0.7085106382978723,outer_disk
NGC6503,17.49,9187.0422,positive,115.0,63.544927413602416,2.275170433925783,0.7442553191489361,outer_disk
NGC6503,18.23,9347.4435,positive,115.0,62.27002890636875,2.410653074945523,0.7757446808510639,outer_disk
NGC6503,18.97,9280.4575,positive,114.0,60.95524997898048,2.4977395629305814,0.8072340425531914,edge
NGC6503,19.71,9643.4184,positive,115.0,59.846316511544806,2.6925027758686273,0.8387234042553192,edge
NGC6503,20.45,9533.6903,positive,114.0,58.84139444302794,2.753563697666908,0.8702127659574468,edge
NGC6503,21.29,10117.4574,positive,116.0,57.78012287975857,3.030501213313857,0.9059574468085106,edge
NGC6503,22.03,9995.414,positive,115.0,56.82944659241368,3.0949521084126586,0.9374468085106383,edge
NGC6503,22.76,10793.591,positive,118.0,55.95005808754804,3.4479810785108276,0.9685106382978724,edge
NGC6503,23.5,10196.3243,positive,115.0,55.03340530986612,3.3665949444504735,1.0,edge
NGC6674,2.5,-2083.0328999999983,negative,206.0,210.99533857410216,-0.04678971586554833,0.03452561800856235,core
NGC6674,7.49,23729.3566,positive,285.0,239.78249185459725,0.41271573282368035,0.10343875155365281,core
NGC6674,12.54,23975.548700000007,positive,291.0,246.38476271880128,0.39494885857145423,0.17318049993094875,core
NGC6674,17.45,21739.253399999998,positive,274.0,230.94749749672545,0.4075849163248363,0.24098881369976521,inner_disk
NGC6674,22.47,24778.7578,positive,266.0,214.4230449368724,0.5389352778536161,0.3103162546609584,inner_disk
NGC6674,27.48,24910.015,positive,255.0,200.287256209675,0.6209653325309731,0.3795055931501174,inner_disk
NGC6674,32.5,28088.903200000008,positive,250.0,185.50228246574216,0.8162745687315615,0.4488330341113106,mid_disk
NGC6674,37.51,28689.0191,positive,242.0,172.84380492224764,0.9603025085113946,0.5180223726004696,mid_disk
NGC6674,42.42,29607.7148,positive,237.0,162.976333251181,1.1146943597443093,0.585830686369286,mid_disk
NGC6674,47.44,31485.7658,positive,235.0,154.0754172475285,1.3263176703484396,0.6551581273304792,outer_disk
NGC6674,52.45,34494.971900000004,positive,236.0,145.60572825270302,1.6270424121554752,0.7243474658196383,outer_disk
NGC6674,57.47,39014.9826,positive,242.0,139.81780072651694,1.9957515920979232,0.7936749067808314,outer_disk
NGC6674,62.48,42446.2383,positive,246.0,134.42381373848906,2.3490203692060865,0.8628642452699903,edge
NGC6674,67.4,41987.6207,positive,242.0,128.74928854172362,2.5329790022360306,0.9308106615108411,edge
NGC6674,72.41,43382.1494,positive,242.0,123.21465253775624,2.857500745001403,1.0,edge
NGC6789,0.1,127.3056,positive,13.9,8.118152499183543,1.9316707230473231,0.14084507042253522,core
NGC6789,0.3,536.5039999999998,positive,29.9,18.90782906628892,1.500685303183722,0.4225352112676056,mid_disk
NGC6789,0.51,1640.9602000000004,positive,46.7,23.236389564646224,3.0392102825219145,0.7183098591549296,outer_disk
NGC6789,0.71,3050.5862,positive,60.4,24.445322660991817,5.104953061864493,1.0,edge
NGC6946,0.19,-31555.530499999997,negative,153.0,234.4451545671183,-0.5741071598892309,0.00931372549019608,core
NGC6946,0.56,-15419.2909,negative,130.0,179.77566826464587,-0.4770924878181656,0.027450980392156866,core
NGC6946,0.94,-10860.953699999998,negative,128.0,165.06045468251926,-0.39864093070563744,0.04607843137254902,core
NGC6946,1.22,-8552.138100000004,negative,134.0,162.81320001768898,-0.3226231155027823,0.059803921568627454,core
NGC6946,1.59,-10862.604899999998,negative,129.0,165.84210834405116,-0.3949520413594946,0.07794117647058825,core
NGC6946,1.96,-11056.272299999991,negative,131.0,167.97997588998516,-0.3918264027242631,0.09607843137254903,core
NGC6946,2.34,-11409.312599999996,negative,138.0,174.5087751375271,-0.37464931154977205,0.11470588235294117,core
NGC6946,2.71,-14986.400200000004,negative,139.0,185.22256935913612,-0.4368270435134869,0.13284313725490196,core
NGC6946,2.99,-14577.1025,negative,143.0,187.1526182023645,-0.41617826305396083,0.14656862745098043,core
NGC6946,3.37,-15342.341,negative,146.0,191.46368062899032,-0.4185225130618977,0.16519607843137257,core
NGC6946,3.74,-13780.5086,negative,154.0,193.64015234449695,-0.3675144463983509,0.18333333333333335,core
NGC6946,4.12,-12441.1069,negative,161.0,195.86246935030712,-0.32430718501542993,0.20196078431372552,inner_disk
NGC6946,4.4,-11624.05969999999,negative,167.0,198.7789216692756,-0.2941827281474735,0.21568627450980396,inner_disk
NGC6946,4.77,-11293.1627,negative,173.0,203.03241785488345,-0.27395852037622476,0.2338235294117647,inner_disk
NGC6946,5.15,-11948.762599999996,negative,176.0,207.18292062812512,-0.2783652576333642,0.2524509803921569,inner_disk
NGC6946,5.52,-13752.002499999997,negative,178.0,213.15722483650416,-0.30266752670418134,0.27058823529411763,inner_disk
NGC6946,5.89,-13130.980199999998,negative,180.0,213.37989642888104,-0.28839660693270114,0.28872549019607846,inner_disk
NGC6946,6.17,-12088.519,negative,179.0,210.07027157596573,-0.27393271610325054,0.3024509803921569,inner_disk
NGC6946,6.55,-11409.656800000004,negative,180.0,209.30756508067265,-0.2604370276646404,0.32107843137254904,inner_disk
NGC6946,6.92,-11302.420600000003,negative,181.0,209.91288812266865,-0.25650347717217403,0.3392156862745098,inner_disk
NGC6946,7.3,-10875.7998,negative,179.0,207.1637029018356,-0.25341590823833976,0.35784313725490197,inner_disk
NGC6946,7.58,-9520.698000000004,negative,179.0,203.8668634182613,-0.22907384582795445,0.3715686274509804,inner_disk
NGC6946,7.95,-7541.707399999999,negative,179.0,198.95403338459863,-0.19053035770867968,0.38970588235294124,inner_disk
NGC6946,8.33,-6032.746900000006,negative,178.0,194.20799906286044,-0.1599487600559741,0.4083333333333334,mid_disk
NGC6946,8.7,-5620.635399999999,negative,177.0,192.2228794914903,-0.15211612615804052,0.4264705882352941,mid_disk
NGC6946,9.08,-5346.640899999999,negative,176.0,190.5849965238607,-0.14719857277778503,0.4450980392156863,mid_disk
NGC6946,9.36,-5788.417800000003,negative,173.0,188.9905230428235,-0.1620614858669879,0.4588235294117647,mid_disk
NGC6946,9.73,-5052.411399999997,negative,172.0,186.10860109086843,-0.1458699442517881,0.47696078431372557,mid_disk
NGC6946,10.1,-4085.023499999996,negative,172.0,183.4912082362531,-0.12132883806386593,0.4950980392156863,mid_disk
NGC6946,10.48,-3747.5061000000014,negative,170.0,180.68620893693023,-0.11478690251320607,0.5137254901960785,mid_disk
NGC6946,10.76,-2697.469700000005,negative,171.0,178.71337303067168,-0.0844583264426099,0.5274509803921569,mid_disk
NGC6946,11.13,-660.5117999999966,negative,174.0,175.88778183830735,-0.021350558339288808,0.5455882352941177,mid_disk
NGC6946,11.51,229.0911000000051,positive,174.0,173.34044219396694,0.00762444818408609,0.5642156862745098,mid_disk
NGC6946,11.88,1427.7635000000046,positive,175.0,170.87198863476715,0.048900638250472944,0.5823529411764706,mid_disk
NGC6946,12.26,1863.931099999998,positive,174.0,168.55879953298196,0.06560349781497249,0.6009803921568628,outer_disk
NGC6946,12.54,2050.3333999999995,positive,173.0,166.96905881030773,0.07354488754494447,0.6147058823529412,outer_disk
NGC6946,12.91,2730.455900000001,positive,173.0,164.91981112043513,0.10038978152510747,0.632843137254902,outer_disk
NGC6946,13.29,3366.434300000001,positive,173.0,162.98026168834065,0.12673603664724303,0.6514705882352941,outer_disk
NGC6946,13.66,4625.767400000008,positive,175.0,161.24277534202886,0.17791938212822517,0.669607843137255,outer_disk
NGC6946,14.03,4843.395999999997,positive,174.0,159.47602954676293,0.19044042835723768,0.6877450980392157,outer_disk
NGC6946,14.31,4213.089899999999,positive,171.0,158.20211787457208,0.1683356653898161,0.7014705882352942,outer_disk
NGC6946,14.69,3587.1094999999987,positive,167.0,155.89063634484273,0.1476061913784032,0.7200980392156863,outer_disk
NGC6946,15.06,3670.4589999999953,positive,165.0,153.4748871965704,0.155828084274705,0.7382352941176471,outer_disk
NGC6946,15.44,3662.334299999999,positive,163.0,151.3494819944885,0.15988072415096183,0.7568627450980392,outer_disk
NGC6946,15.72,3747.005900000004,positive,162.0,149.98997999866523,0.16655584667642354,0.7705882352941177,outer_disk
NGC6946,16.09,4781.003399999998,positive,161.0,145.39599925720103,0.22615913760364548,0.7887254901960785,outer_disk
NGC6946,16.47,4676.656499999997,positive,159.0,143.5421314457884,0.22697430277261674,0.8073529411764706,edge
NGC6946,16.84,4843.915000000001,positive,158.0,141.84528543451842,0.24075022545878907,0.8254901960784314,edge
NGC6946,17.21,4998.493900000005,positive,157.0,140.1802628760554,0.25436972842139705,0.8436274509803923,edge
NGC6946,17.5,5360.381300000005,positive,157.0,138.88347165879745,0.2779038449238465,0.857843137254902,edge
NGC6946,17.87,5794.955900000001,positive,157.0,137.31002913115998,0.30735877508634873,0.8759803921568629,edge
NGC6946,18.24,7151.6379000000015,positive,160.0,135.8247477450262,0.38765706468868594,0.8941176470588235,edge
NGC6946,18.62,7233.615100000003,positive,159.0,134.34055567846963,0.40081236922031865,0.9127450980392158,edge
NGC6946,18.9,7843.3894,positive,160.0,133.25393277498418,0.44171658525867535,0.9264705882352942,edge
NGC6946,19.27,7543.9211,positive,158.0,131.98514651278,0.4330589513001573,0.944607843137255,edge
NGC6946,19.65,6911.614999999998,positive,155.0,130.81813712173096,0.40387188157106246,0.9632352941176471,edge
NGC6946,20.02,7959.5327,positive,157.0,129.18772116575167,0.4769195179764665,0.9813725490196079,edge
NGC6946,20.4,7423.213899999999,positive,154.0,127.64319840868922,0.45561353684008643,1.0,edge
NGC7331,2.67,-71089.07599999999,negative,221.0,346.30922020645073,-0.5927543646349394,0.07353346185623795,core
NGC7331,3.21,-77925.70580000003,negative,237.0,366.1894397712747,-0.5811244026011354,0.08840539796199394,core
NGC7331,3.74,-85133.5251,negative,249.0,383.5811844968416,-0.5786101191555072,0.10300192784356926,core
NGC7331,4.27,-85452.94459999999,negative,250.0,384.6465190275352,-0.5775683939986956,0.11759845772514457,core
NGC7331,4.81,-81774.32489999998,negative,253.0,381.8158258899177,-0.5609305793793157,0.13247039383090056,core
NGC7331,5.35,-81201.12890000001,negative,257.0,383.73184504286326,-0.5514503077626848,0.14734232993665655,core
NGC7331,5.88,-75756.21850000002,negative,257.0,376.5703367234334,-0.5342272964376131,0.1619388598182319,core
NGC7331,6.41,-71448.2389,negative,257.0,370.806201269612,-0.5196339902648036,0.1765353896998072,core
NGC7331,7.48,-60182.917600000015,negative,257.0,355.2913137131275,-0.47676466256898575,0.20600385568713853,inner_disk
NGC7331,8.55,-46224.51140000002,negative,255.0,333.54086915998766,-0.4155030509194669,0.23547232167446985,inner_disk
NGC7331,9.62,-41099.87660000002,negative,248.0,320.31839878470925,-0.4005684576639087,0.2649407876618011,inner_disk
NGC7331,10.66,-34435.68909999999,negative,247.0,308.94123891122075,-0.36079209251675376,0.29358303497659044,inner_disk
NGC7331,11.74,-28196.330099999992,negative,246.0,297.84615172937856,-0.31784003495586227,0.3233269071881024,inner_disk
NGC7331,12.83,-24513.20490000001,negative,244.0,289.9124090134812,-0.2916530255005424,0.35334618562379505,inner_disk
NGC7331,13.91,-20961.694600000003,negative,242.0,282.00300459392275,-0.2635839234782364,0.3830900578353071,inner_disk
NGC7331,15.0,-18327.14330000001,negative,238.0,273.80858879881765,-0.24445596656653906,0.4131093362709997,mid_disk
NGC7331,16.08,-15420.630900000004,negative,236.0,266.6770160700018,-0.2168357907967207,0.44285320848251164,mid_disk
NGC7331,17.07,-14036.829600000012,negative,233.0,261.3920993450261,-0.20543957800696813,0.47011842467639764,mid_disk
NGC7331,18.15,-11369.537099999989,negative,234.0,257.14886175132096,-0.17193867299415844,0.4998622968879096,mid_disk
NGC7331,19.24,-8797.404499999997,negative,236.0,253.95551677409964,-0.13640781670938143,0.5298815753236022,mid_disk
NGC7331,20.32,-6366.224600000001,negative,237.0,250.0704392766166,-0.1018022185211757,0.5596254475351142,mid_disk
NGC7331,21.41,-2897.280899999998,negative,238.0,244.0108212764344,-0.04866003646891643,0.5896447259708069,mid_disk
NGC7331,22.49,927.2484999999942,positive,240.0,238.0603946480809,0.016361451940444322,0.6193885981823188,outer_disk
NGC7331,23.48,2139.590299999996,positive,238.0,233.46179494726755,0.039255361387759355,0.6466538143762048,outer_disk
NGC7331,24.57,4222.944499999998,positive,237.0,227.91677318705612,0.0812948059164954,0.6766730928118975,outer_disk
NGC7331,25.65,5984.508700000006,positive,236.0,222.9607393690647,0.12038481533142029,0.7064169650234094,outer_disk
NGC7331,26.74,8967.734199999999,positive,238.0,218.34895419946488,0.18809640498312677,0.7364362434591021,outer_disk
NGC7331,27.82,11413.9775,positive,239.0,213.79200756810343,0.24972043409740818,0.7661801156706142,outer_disk
NGC7331,28.91,13356.9133,positive,239.0,209.1986775770822,0.305202605770361,0.7961993941063068,outer_disk
NGC7331,29.89,15988.517500000002,positive,241.0,205.16452544238732,0.37984258828164874,0.823189204076012,edge
NGC7331,30.98,15322.379499999995,positive,236.0,200.93188024800844,0.3795146263882872,0.8532084825117047,edge
NGC7331,32.06,16808.697400000005,positive,236.0,197.1986374192276,0.4322412786738263,0.8829523547232168,edge
NGC7331,33.15,19526.8798,positive,239.0,193.8920323272723,0.519413134184744,0.9129716331589093,edge
NGC7331,34.23,19764.677600000003,positive,237.0,190.79916771306944,0.5429211779533082,0.9427155053704213,edge
NGC7331,35.32,22812.79729999999,positive,241.0,187.79830324047128,0.6468375350468308,0.972734783806114,edge
NGC7331,36.31,22766.2386,positive,238.0,184.0591247398509,0.6720113035567931,1.0,edge
NGC7793,0.11,-659.0854,negative,9.1,27.237756882680337,-0.8883804913738513,0.01397712833545108,core
NGC7793,0.14,-585.2706000000001,negative,17.6,29.917062021528785,-0.6539112740949863,0.017789072426937738,core
NGC7793,0.17,-672.5148999999999,negative,19.3,32.32653553970793,-0.6435519106178352,0.021601016518424398,core
NGC7793,0.21,-654.1668999999996,negative,24.8,35.62593016329538,-0.5154139171477873,0.026683608640406607,core
NGC7793,0.24,-543.0279999999998,negative,30.0,37.98720837334589,-0.3763114783635521,0.030495552731893263,core
NGC7793,0.28,-429.8589000000002,negative,35.0,40.67995698129486,-0.2597556202525787,0.035578144853875476,core
NGC7793,0.32,-400.4525000000003,negative,38.3,43.212758532637096,-0.2144504824369393,0.04066073697585769,core
NGC7793,0.35,-206.7756999999997,negative,42.7,45.056250398807045,-0.10185665419596997,0.044472681067344345,core
NGC7793,0.39,-32.97849999999971,negative,47.0,47.3495353725884,-0.014709552299453234,0.04955527318932656,core
NGC7793,0.42,87.49749999999949,positive,49.8,48.91362284681028,0.036570928207126714,0.053367217280813214,core
NGC7793,0.46,121.05110000000012,positive,52.2,51.02733483144108,0.04649036640412751,0.05844980940279543,core
NGC7793,0.49,81.45109999999977,positive,53.4,52.63182402311362,0.029403573267462433,0.062261753494282084,core
NGC7793,0.53,-25.840099999998984,negative,54.6,54.83612039522854,-0.008593315311163105,0.0673443456162643,core
NGC7793,0.56,-86.05729999999949,negative,55.5,56.26995023989269,-0.027179073869424964,0.07115628970775095,core
NGC7793,0.6,-194.46780000000035,negative,55.9,57.61317384071112,-0.058587383074715935,0.07623888182973317,core
NGC7793,0.63,-32.39340000000038,negative,58.3,58.57715766405878,-0.00944060755809339,0.08005082592121981,core
NGC7793,0.66,-40.57900000000063,negative,59.3,59.64116866728887,-0.011407987868663956,0.08386277001270648,core
NGC7793,0.7,-197.2244999999998,negative,59.5,61.13488774832256,-0.0527694570223823,0.08894536213468869,core
NGC7793,0.87,-885.1905000000002,negative,59.1,66.16646053704248,-0.20219058906000584,0.11054637865311309,core
NGC7793,1.05,-948.0441,negative,62.6,69.76248347070222,-0.19479808114733854,0.13341804320203304,core
NGC7793,1.22,-959.9656000000004,negative,65.6,72.54878083055566,-0.182387652399844,0.15501905972045743,core
NGC7793,1.4,-743.915,negative,70.7,75.77865794536085,-0.12954763727044677,0.17789072426937738,core
NGC7793,1.57,-843.9299999999985,negative,73.9,79.40491168687237,-0.1338479399347197,0.1994917407878018,core
NGC7793,1.75,-780.502199999999,negative,78.5,83.32317924803397,-0.11241971159506445,0.22236340533672172,inner_disk
NGC7793,1.92,-1008.6449999999986,negative,82.4,88.30857829225879,-0.12933990989183028,0.2439644218551461,inner_disk
NGC7793,2.1,-1118.2179999999998,negative,87.1,93.2985959165517,-0.12846246847079507,0.2668360864040661,inner_disk
NGC7793,2.27,-1398.6099999999997,negative,89.6,97.09155473057376,-0.14836577109656857,0.2884371029224905,inner_disk
NGC7793,2.45,-565.5524999999998,negative,94.9,97.83436257266666,-0.05908674785334158,0.31130876747141045,inner_disk
NGC7793,2.62,82.75269999999728,positive,98.1,97.67731210470528,0.008673507777964275,0.33290978398983484,inner_disk
NGC7793,2.79,188.5929999999989,positive,99.3,98.34580316414116,0.019499070347833415,0.3545108005082592,inner_disk
NGC7793,2.97,-116.40520000000106,negative,98.6,99.18853361150168,-0.011831762455819498,0.3773824650571792,inner_disk
NGC7793,3.16,298.1474999999991,positive,101.0,99.51307703010696,0.030107234253968652,0.40152477763659467,mid_disk
NGC7793,3.33,799.3514999999989,positive,103.0,99.04366966141754,0.08148625304973962,0.42312579415501905,mid_disk
NGC7793,3.51,1760.2131000000008,positive,107.0,98.4316356665884,0.18167528279520742,0.445997458703939,mid_disk
NGC7793,3.68,3410.207600000001,positive,114.0,97.90706001101248,0.3557564630754993,0.4675984752223634,mid_disk
NGC7793,3.85,3141.5531999999985,positive,112.0,96.966214734824,0.3341208162964558,0.4891994917407878,mid_disk
NGC7793,4.03,3787.6775,positive,114.0,95.96000468945384,0.4113319771326427,0.5120711562897078,mid_disk
NGC7793,4.2,4481.755500000001,positive,116.0,94.7324891470714,0.4994019830861529,0.5336721728081322,mid_disk
NGC7793,4.38,4280.865099999999,positive,114.0,93.35488685655402,0.49119894862442093,0.556543837357052,mid_disk
NGC7793,4.73,4669.180700000001,positive,114.0,91.25140711243854,0.560740005490452,0.6010165184243965,outer_disk
NGC7793,5.25,3979.017499999999,positive,109.0,88.89309590738755,0.5035467365309906,0.6670902160101652,outer_disk
NGC7793,5.78,4233.516799999999,positive,107.0,84.94400037671878,0.586726721226376,0.7344345616264295,outer_disk
NGC7793,6.3,4316.2486,positive,105.0,81.90696795755535,0.6433758448703287,0.8005082592121981,edge
NGC7793,6.82,3870.3163,positive,101.0,79.56559369476231,0.6113583434913988,0.866581956797967,edge
NGC7793,7.35,3087.5319,positive,94.5,76.43767461141135,0.5284410178885748,0.9339263024142312,edge
NGC7793,7.87,2807.2127,positive,90.8,73.73891306494828,0.516275904967042,1.0,edge
NGC7814,0.63,-50527.62060000002,negative,265.0,347.4947778024873,-0.4184391224715168,0.03225806451612903,core
NGC7814,1.72,-33563.90590000001,negative,250.0,309.9417782423015,-0.34939143464496597,0.08806963645673323,core
NGC7814,2.79,-21861.213600000003,negative,233.0,275.9532815532368,-0.2870801349925564,0.14285714285714285,core
NGC7814,3.91,-12034.796100000009,negative,230.0,254.82306822577897,-0.18533662724475714,0.20020481310803892,inner_disk
NGC7814,5.03,-4522.900099999999,negative,228.0,237.71180050641155,-0.0800415540756234,0.257552483358935,inner_disk
NGC7814,6.14,2878.326199999996,positive,228.0,221.59800044224227,0.05861494155895272,0.3143881208397337,inner_disk
NGC7814,7.26,8428.858700000004,positive,227.0,207.60573522906344,0.19556452591026668,0.37173579109062976,inner_disk
NGC7814,8.37,12291.939499999991,positive,226.0,196.93669160418025,0.3169327641699608,0.4285714285714285,mid_disk
NGC7814,9.5,14672.456299999998,positive,223.0,187.23392774815147,0.4185368764690854,0.4864311315924219,mid_disk
NGC7814,10.65,16079.247700000004,positive,219.0,178.55461993462953,0.5043401488317819,0.5453149001536098,mid_disk
NGC7814,11.74,17396.193100000004,positive,216.0,171.0549820964008,0.5945423071127651,0.601126472094214,outer_disk
NGC7814,12.82,18910.2334,positive,214.0,163.9687976415025,0.7033548152575274,0.6564260112647209,outer_disk
NGC7814,14.01,21270.3671,positive,214.0,156.60661831480814,0.8672708747915736,0.717357910906298,outer_disk
NGC7814,15.09,22989.4494,positive,214.0,151.01837835177545,1.0080195731133492,0.7726574500768049,outer_disk
NGC7814,16.18,24441.4454,positive,214.0,146.13197665124494,1.144554211399942,0.828469022017409,edge
NGC7814,17.36,25926.4816,positive,214.0,140.95927922630705,1.3048369405873472,0.8888888888888888,edge
NGC7814,18.44,27120.833,positive,214.0,136.65711470684576,1.452240453860466,0.9441884280593958,edge
NGC7814,19.53,28172.2678,positive,214.0,132.75440557661352,1.598541527997118,1.0,edge
PGC51017,0.33,278.2084,positive,20.5,11.918120657217733,1.958640285662791,0.09090909090909091,core
PGC51017,0.99,-114.65250000000007,negative,19.9,22.59784281740184,-0.22451717132156773,0.2727272727272727,inner_disk
PGC51017,1.65,-184.0169,negative,19.3,23.59039847056425,-0.33066418403796966,0.45454545454545453,mid_disk
PGC51017,2.31,-140.54759999999987,negative,18.8,22.22583181795453,-0.28451645344943866,0.6363636363636364,outer_disk
PGC51017,2.97,-108.41410000000012,negative,18.2,20.967930274588383,-0.24658953481839496,0.8181818181818182,edge
PGC51017,3.63,-76.99999999999994,negative,18.3,20.29507329378241,-0.18694311588045343,1.0,edge
UGC00128,1.25,295.5259000000003,positive,34.1,29.44968760445516,0.34074866586393127,0.023255813953488372,core
UGC00128,3.75,3712.6046000000015,positive,78.4,49.3351335257137,1.5253379745577926,0.06976744186046512,core
UGC00128,6.25,6785.0667,positive,96.9,51.03472641251249,2.605088846094438,0.11627906976744186,core
UGC00128,8.76,8880.9742,positive,108.0,52.7543912864133,3.1911217639448406,0.16297674418604652,core
UGC00128,11.25,9714.0662,positive,113.0,55.27145556252341,3.1797959746296303,0.20930232558139536,inner_disk
UGC00128,13.74,9440.8819,positive,114.0,59.62481111081192,2.655574761356029,0.2556279069767442,inner_disk
UGC00128,16.22,10770.015,positive,121.0,62.2172403759601,2.782241470840109,0.3017674418604651,inner_disk
UGC00128,18.71,11905.7382,positive,126.0,63.01001348992079,2.9987287488195364,0.348093023255814,inner_disk
UGC00128,21.3,12355.5696,positive,128.0,63.46991728370221,3.0670927317001677,0.39627906976744187,inner_disk
UGC00128,23.79,12527.6895,positive,129.0,64.13509569650614,3.0456464446338294,0.4426046511627907,mid_disk
UGC00128,26.28,12596.9375,positive,129.0,63.59294379095845,3.1149215671122783,0.48893023255813955,mid_disk
UGC00128,28.77,13040.0156,positive,131.0,64.19489387794016,3.1642962783358275,0.5352558139534883,mid_disk
UGC00128,31.25,13198.0236,positive,131.0,62.95217549854811,3.330331111737127,0.5813953488372093,mid_disk
UGC00128,33.74,13539.59,positive,131.0,60.17815218166805,3.738761973927284,0.6277209302325581,outer_disk
UGC00128,36.23,12705.1251,positive,127.0,58.51388638605369,3.710744542681744,0.674046511627907,outer_disk
UGC00128,38.82,12570.4711,positive,126.0,57.493729223281385,3.802862259047259,0.7222325581395349,outer_disk
UGC00128,41.31,13760.1051,positive,130.0,56.03476510167594,4.382345759407426,0.7685581395348837,outer_disk
UGC00128,43.8,14498.1635,positive,132.0,54.09100202436631,4.955219985805768,0.8148837209302325,edge
UGC00128,46.28,15223.3835,positive,134.0,52.27443447805055,5.570991575290568,0.8610232558139536,edge
UGC00128,48.77,14109.887,positive,129.0,50.31016795837597,5.574578061113826,0.9073488372093024,edge
UGC00128,51.26,15056.44,positive,132.0,48.65757906020397,6.359475578232442,0.9536744186046511,edge
UGC00128,53.75,13389.1116,positive,125.0,47.28518161115594,5.988273654445366,1.0,edge
UGC00191,0.62,415.4938999999999,positive,29.9,21.87501085714016,0.868296594409258,0.06212424849699399,core
UGC00191,0.87,370.93499999999983,positive,34.4,28.50307001008839,0.45657753023355974,0.08717434869739478,core
UGC00191,1.12,1108.3849999999995,positive,46.3,32.17615576789745,1.0705878943886094,0.11222444889779559,core
UGC00191,1.37,1276.4059999999995,positive,49.8,34.693428772607646,1.0604602395744882,0.1372745490981964,core
UGC00191,1.62,2007.5519,positive,57.6,36.196796819608224,1.5322389626502841,0.1623246492985972,core
UGC00191,2.3,3407.9547999999995,positive,71.3,40.93574477153188,2.033707234890095,0.23046092184368736,inner_disk
UGC00191,4.97,3574.6105000000007,positive,76.65,47.96469534980911,1.5537650416497872,0.4979959919839679,mid_disk
UGC00191,7.45,4095.4927,positive,81.0,49.6538749746684,1.6611156251697161,0.7464929859719439,outer_disk
UGC00191,9.98,4873.620499999999,positive,83.85,46.44568871273199,2.2592323296566565,1.0,edge
UGC00634,4.51,2588.4208000000003,positive,69.75,47.714166659389534,1.136946933722597,0.25041643531371455,inner_disk
UGC00634,9.01,6805.976700000001,positive,97.7,52.33844953760094,2.4845557826481555,0.5002776235424764,mid_disk
UGC00634,13.51,9004.853500000001,positive,108.0,51.56691284147229,3.386369837088706,0.7501388117712381,outer_disk
UGC00634,18.01,9440.9787,positive,107.5,45.99207866578766,4.4632471967071075,1.0,edge
UGC00731,0.91,814.3676,positive,29.6,7.860814207192535,13.179089985176171,0.08340971585701192,core
UGC00731,1.81,1827.6072,positive,44.6,12.710342245588826,11.312754715486205,0.16590284142988085,core
UGC00731,2.73,2328.1859,positive,50.4,14.559330341743058,10.983350796158586,0.25022914757103576,inner_disk
UGC00731,3.64,2843.6444,positive,56.8,19.560051124677564,7.43250680352832,0.33363886342804766,inner_disk
UGC00731,4.55,3215.5440000000003,positive,60.7,21.655161047657906,6.856960076426707,0.41704857928505956,mid_disk
UGC00731,5.45,3630.7194,positive,64.7,23.56630221311778,6.537471374970155,0.49954170485792854,mid_disk
UGC00731,6.36,3867.9947,positive,68.0,27.495550549134308,5.116359237164079,0.5829514207149404,mid_disk
UGC00731,7.28,3994.0971,positive,71.5,33.43879333947324,3.5720491356772404,0.6672777268560953,outer_disk
UGC00731,8.19,4039.6931,positive,73.4,36.71330685187593,2.9971009006898233,0.7506874427131072,outer_disk
UGC00731,9.09,4072.79,positive,74.0,37.45944473694185,2.902480740587652,0.8331805682859762,edge
UGC00731,10.0,3976.9910999999993,positive,73.8,38.33339144923131,2.706450765317528,0.916590284142988,edge
UGC00731,10.91,4018.5386000000008,positive,73.9,37.98251439807533,2.7854843452223434,1.0,edge
UGC00891,1.48,154.35890000000006,positive,24.35,20.941910132554764,0.3519646865357729,0.20027063599458728,inner_disk
UGC00891,2.97,1172.8007999999998,positive,43.55,26.90356296106521,1.620334409272595,0.401894451962111,mid_disk
UGC00891,4.45,2047.0945,positive,54.15,29.751100819969672,2.3127666281035055,0.6021650879566983,outer_disk
UGC00891,5.94,2810.9612,positive,60.15,28.408824333294756,3.482958729405064,0.803788903924222,edge
UGC00891,7.39,3348.9812,positive,63.75,26.741004094835333,4.683357263013311,1.0,edge
UGC01230,0.78,-60.736399999999946,negative,19.8,21.27854318321628,-0.13414215051844564,0.021346469622331693,core
UGC01230,2.35,1339.5564,positive,55.4,41.58850321903879,0.7744875184117331,0.06431308155446087,core
UGC01230,3.91,5567.0935,positive,88.5,47.59366029210193,2.4577081097928555,0.10700602079912426,core
UGC01230,5.48,8136.9622,positive,105.0,53.7404670616101,2.817470810111973,0.14997263273125344,core
UGC01230,7.03,8008.8182,positive,106.0,56.80828988800842,2.4816755597716873,0.19239189928845102,core
UGC01230,8.6,7213.8351,positive,103.0,58.26804355733939,2.1247377704688217,0.23535851122058019,inner_disk
UGC01230,13.27,8253.126199999999,positive,109.0,60.23183377583651,2.274920974373474,0.36316365626710456,inner_disk
UGC01230,14.85,9044.5595,positive,113.0,61.02819430394447,2.4284344185388385,0.4064039408866995,mid_disk
UGC01230,25.8,7391.3094,positive,105.0,60.28010119434108,2.034105325313057,0.7060755336617406,outer_disk
UGC01230,32.01,7558.6983,positive,103.0,55.22953648185,2.4780166171759337,0.8760262725779967,edge
UGC01230,36.54,8066.6079,positive,103.0,50.42213898675858,3.1728417894313,1.0,edge
UGC01281,0.08,-34.484399999999994,negative,1.41,6.0392466417592185,-0.9454904380012337,0.01603206412825651,core
UGC01281,0.23,-26.933399999999995,negative,4.46,6.842879510849215,-0.5751927389215162,0.04609218436873747,core
UGC01281,0.38,30.287600000000005,positive,7.71,5.399675916200897,1.0387940939413172,0.07615230460921843,core
UGC01281,0.54,48.50319999999999,positive,11.0,8.514505270419416,0.6690391851778282,0.10821643286573146,core
UGC01281,0.69,85.15069999999997,positive,14.2,10.793020893151278,0.7309744328449048,0.1382765531062124,core
UGC01281,0.84,130.53019999999998,positive,17.2,12.857285872220466,0.7896095694266159,0.16833667334669336,core
UGC01281,1.0,188.02939999999995,positive,20.2,14.832754295814382,0.85463791290056,0.2004008016032064,inner_disk
UGC01281,1.15,266.5494,positive,23.2,16.483039768198097,0.9810770045043885,0.23046092184368736,inner_disk
UGC01281,1.3,413.6348,positive,26.4,16.832266632869143,1.4599294379744554,0.2605210420841683,inner_disk
UGC01281,1.46,534.0815,positive,29.3,18.011343647823725,1.6463240019913161,0.2925851703406813,inner_disk
UGC01281,1.61,616.4355,positive,31.6,19.54800501329995,1.6131797359237634,0.3226452905811623,inner_disk
UGC01281,1.76,771.8375000000001,positive,34.6,20.62334841872192,1.8147111897442532,0.35270541082164325,inner_disk
UGC01281,1.92,921.8855,positive,37.4,21.837456353705665,1.9331826298114079,0.3847695390781563,inner_disk
UGC01281,2.07,1078.7068,positive,39.9,22.656195620624395,2.1015002439104213,0.41482965931863724,mid_disk
UGC01281,2.22,1226.351,positive,42.2,23.547590110242705,2.2116777790001243,0.44488977955911824,mid_disk
UGC01281,2.38,1382.9355999999998,positive,44.4,24.25746070799662,2.350234966462981,0.47695390781563124,mid_disk
UGC01281,2.53,1564.5872000000004,positive,46.7,24.82544662236714,2.538666382823509,0.5070140280561122,mid_disk
UGC01281,2.68,1714.1282,positive,48.5,25.26107281965673,2.6862084949926492,0.5370741482965932,mid_disk
UGC01281,2.76,1785.3059999999996,positive,49.3,25.40047243655125,2.767126897133221,0.5531062124248496,mid_disk
UGC01281,3.07,2140.8623,positive,53.0,25.84835971585044,3.2042231713612335,0.6152304609218436,outer_disk
UGC01281,3.46,2220.2016,positive,54.1,26.58210676376122,3.1420537882085746,0.6933867735470941,outer_disk
UGC01281,3.83,2323.6475,positive,55.0,26.48306062372701,3.3130950556246677,0.7675350701402806,outer_disk
UGC01281,4.23,2427.1543,positive,55.7,25.987221859983418,3.5939967337725522,0.8476953907815632,edge
UGC01281,4.62,2461.5947,positive,56.4,26.820986186193824,3.4218980259403677,0.9258517034068137,edge
UGC01281,4.99,2486.6655,positive,56.9,27.403366581498705,3.3113838639207023,1.0,edge
UGC02023,0.76,-80.32890000000003,negative,15.1,17.559581430091097,-0.2605214586936647,0.20105820105820107,inner_disk
UGC02023,1.51,-239.3448,negative,28.0,31.989760861875787,-0.23388480598132713,0.3994708994708995,inner_disk
UGC02023,2.27,-7.239999999999782,negative,37.6,37.69615364994153,-0.0050950035186486855,0.6005291005291006,outer_disk
UGC02023,3.03,717.5636,positive,47.9,39.70952530564927,0.45506245884190116,0.8015873015873016,edge
UGC02023,3.78,1742.0670999999998,positive,58.8,41.41706049443876,1.0155617475360605,1.0,edge
UGC02259,1.02,2526.6311,positive,56.1,24.911421075482625,4.071409936754215,0.1253071253071253,core
UGC02259,2.04,3691.205999999999,positive,71.1,36.93242477823518,2.7061548206603496,0.2506142506142506,inner_disk
UGC02259,3.05,4674.9866,positive,80.7,42.86611015709264,2.544205686911925,0.37469287469287466,inner_disk
UGC02259,4.07,4710.490999999999,positive,82.8,46.31791230182984,2.1956758550706663,0.5,mid_disk
UGC02259,5.09,4980.017600000001,positive,83.7,45.0074704910196,2.458451623273339,0.6253071253071253,outer_disk
UGC02259,6.11,5352.1551,positive,86.0,45.20890288427712,2.6186698902641776,0.7506142506142506,outer_disk
UGC02259,7.13,5782.579499999999,positive,88.3,44.881070620028666,2.870748824473684,0.8759213759213759,edge
UGC02259,8.14,6314.2207,positive,90.0,42.25848198882681,3.535834859324442,1.0,edge
UGC02455,0.5,-1412.1225000000002,negative,16.9,41.20354960437268,-0.8317697281521087,0.12406947890818858,core
UGC02455,1.0,-3637.066,negative,23.9,64.87122628716062,-0.8642650814727931,0.24813895781637715,inner_disk
UGC02455,1.51,-5408.6405,negative,28.2,78.76471608531322,-0.871815712762359,0.3746898263027295,inner_disk
UGC02455,2.01,-4968.3409,negative,33.0,77.82892071717299,-0.820218142254467,0.49875930521091805,mid_disk
UGC02455,2.52,-4487.460599999999,negative,39.1,77.56462209022874,-0.7458874273374605,0.6253101736972705,outer_disk
UGC02455,3.02,-4048.8677000000007,negative,43.8,77.24835079145703,-0.6785082827218716,0.749379652605459,outer_disk
UGC02455,3.52,-2751.5684,negative,53.1,74.64032690174929,-0.49389342836337835,0.8734491315136476,edge
UGC02455,4.03,-1422.2201000000005,negative,61.0,71.71624711318907,-0.276523281591624,1.0,edge
UGC02487,9.93,33223.5564,positive,377.0,330.0082477757185,0.3050679130606838,0.12353819358049266,core
UGC02487,10.05,32828.40909999999,positive,377.0,330.60639875840275,0.30034978612361724,0.12503110226424485,core
UGC02487,10.35,32486.35029999999,positive,378.0,332.2614177120179,0.2942666840125672,0.12876337397362528,core
UGC02487,15.07,30490.018099999987,positive,367.0,322.7986708460864,0.29261339740594894,0.1874844488678776,core
UGC02487,20.09,36503.50540000002,positive,364.0,309.826555672686,0.3802745782585382,0.24993779547151035,inner_disk
UGC02487,25.12,52905.77040000001,positive,375.0,296.174322992389,0.603126254542482,0.3125155511321224,inner_disk
UGC02487,30.14,66120.6463,positive,383.0,283.84565119092457,0.8206776390914386,0.3749688977357552,inner_disk
UGC02487,35.17,73171.1698,positive,378.0,264.0318734547024,1.0496083660651612,0.4375466533963673,mid_disk
UGC02487,40.19,71762.281,positive,364.0,246.4421209939567,1.1815887810196508,0.5,mid_disk
UGC02487,45.21,67785.00940000001,positive,349.0,232.41340451875837,1.2549063461959356,0.5624533466036328,mid_disk
UGC02487,50.24,66016.6501,positive,338.0,219.60726285803935,1.3688633158754597,0.6250311022642449,outer_disk
UGC02487,55.26,66632.08180000001,positive,332.0,208.7867768801463,1.5285420910888023,0.6874844488678776,outer_disk
UGC02487,60.28,68700.4315,positive,330.0,200.49830049155028,1.7089843016598554,0.7499377954715104,outer_disk
UGC02487,65.31,71451.2306,positive,329.0,191.80659373441785,1.9421494552776393,0.8125155511321225,edge
UGC02487,70.33,74893.6446,positive,330.0,184.4081218384917,2.2023425832925336,0.8749688977357551,edge
UGC02487,75.35,78737.0572,positive,332.0,177.4456051864909,2.5006256625206555,0.9374222443393879,edge
UGC02487,80.38,81641.5871,positive,333.0,171.0187501416146,2.791412265390489,1.0,edge
UGC02885,1.7,13832.958300000011,positive,305.0,281.41080594035475,0.17467611647648695,0.02295126231942757,core
UGC02885,3.41,-13181.033999999983,negative,257.0,281.4783011175106,-0.16636410884286615,0.04603753206426354,core
UGC02885,6.82,-14053.258499999996,negative,256.0,282.1156828324154,-0.176572300896609,0.09207506412852708,core
UGC02885,13.67,-1886.2200000000007,negative,271.0,274.45804779601565,-0.025040350619603382,0.18455515053327934,core
UGC02885,19.49,10905.916700000002,positive,282.0,261.95053597960055,0.15893648110686884,0.26312947212096666,inner_disk
UGC02885,23.36,15507.565000000002,positive,287.0,258.5757819286253,0.23193586856160067,0.3153773457540165,inner_disk
UGC02885,27.24,16494.366200000004,positive,283.0,252.179764850394,0.25936726441217434,0.3677602268124747,inner_disk
UGC02885,31.22,19601.9733,positive,280.0,242.4830441494828,0.33337808086678516,0.4214931821250169,mid_disk
UGC02885,35.1,23778.259999999995,positive,280.0,233.71294358678557,0.4353259343257829,0.47387606318347514,mid_disk
UGC02885,38.97,27179.844,positive,281.0,227.55473187784955,0.5248983626398762,0.5261239368165249,mid_disk
UGC02885,42.85,30637.274600000004,positive,282.0,221.10342692957067,0.6266992593453602,0.5785068178749831,mid_disk
UGC02885,46.73,37898.3522,positive,287.0,210.88064823496725,0.8522104820789231,0.6308896989334414,outer_disk
UGC02885,50.71,42106.7245,positive,292.0,207.7432923104859,0.9756576153654556,0.6846226542459836,outer_disk
UGC02885,54.58,46139.9357,positive,298.0,206.55281237494685,1.0814707050776688,0.7368705278790334,outer_disk
UGC02885,58.46,47704.1758,positive,298.0,202.7309157479441,1.1606905072844567,0.7892534089374916,outer_disk
UGC02885,62.34,50246.26580000001,positive,298.0,196.36123395415908,1.3031436323351184,0.8416362899959499,edge
UGC02885,66.21,52276.1727,positive,298.0,191.1225452425747,1.4311328256854736,0.8938841636289996,edge
UGC02885,70.19,53424.4091,positive,298.0,188.09463283145533,1.5100346765174157,0.9476171189415419,edge
UGC02885,74.07,55129.9586,positive,298.0,183.50488113399052,1.637164899369638,1.0,edge
UGC02916,0.37,18082.2075,positive,183.0,124.12410120520512,1.173651653970156,0.009736842105263158,core
UGC02916,0.74,1313.1199000000051,positive,196.0,192.62107906457172,0.03539131993152212,0.019473684210526317,core
UGC02916,1.11,-6805.796300000002,negative,205.0,220.97691350003055,-0.13937508326072504,0.029210526315789475,core
UGC02916,1.48,-14584.284500000002,negative,211.0,243.1157841440987,-0.2467509398419358,0.03894736842105263,core
UGC02916,1.84,-23235.956600000005,negative,214.0,262.7393320384293,-0.3365971029133484,0.04842105263157895,core
UGC02916,2.21,-31828.23139999999,negative,214.0,278.6112549772532,-0.41002958516894233,0.0581578947368421,core
UGC02916,2.6,-36599.5242,negative,213.0,286.3014568597233,-0.44650705325252144,0.06842105263157895,core
UGC02916,2.96,-35404.89820000001,negative,211.0,282.7116874131666,-0.4429715398556509,0.07789473684210527,core
UGC02916,3.17,-36013.9509,negative,210.0,283.0440794293355,-0.4495340760931066,0.08342105263157895,core
UGC02916,3.33,-35771.68089999999,negative,209.0,281.8735193309226,-0.4502262289301807,0.08763157894736842,core
UGC02916,3.7,-34783.6373,negative,207.0,278.62633992499707,-0.44805430434604077,0.09736842105263159,core
UGC02916,4.07,-32818.05129999999,negative,206.0,274.32471871852886,-0.43609680453177146,0.10710526315789475,core
UGC02916,4.44,-30388.7864,negative,205.0,269.0980980980728,-0.41965470818136913,0.1168421052631579,core
UGC02916,4.81,-27364.3931,negative,205.0,263.41866505621806,-0.3943598852430372,0.12657894736842104,core
UGC02916,5.18,-23961.626999999997,negative,206.0,257.67736998036906,-0.3608807736457207,0.1363157894736842,core
UGC02916,5.55,-20308.7497,negative,207.0,251.31205641592288,-0.3215559420097578,0.14605263157894735,core
UGC02916,5.92,-16986.2814,negative,208.0,245.4593273843958,-0.28192866498379543,0.15578947368421053,core
UGC02916,6.28,-13756.146100000004,negative,210.0,240.53304575463224,-0.23776464606238268,0.16526315789473686,core
UGC02916,6.34,-13412.107000000004,negative,210.0,239.8168196770193,-0.23320493196328218,0.1668421052631579,core
UGC02916,6.65,-10904.6198,negative,212.0,236.3231258256373,-0.19525316541484164,0.17500000000000002,core
UGC02916,7.03,-8244.3373,negative,214.0,232.46577662098997,-0.1525589534023874,0.185,core
UGC02916,7.39,-6265.141100000001,negative,215.0,229.1072698541013,-0.11935843510239681,0.1944736842105263,core
UGC02916,7.77,-4269.2576000000045,negative,216.0,225.6662526830275,-0.08383379488295419,0.2044736842105263,inner_disk
UGC02916,8.14,-2595.928399999997,negative,217.0,222.9011628502642,-0.05224780398395415,0.2142105263157895,inner_disk
UGC02916,8.51,-933.804099999994,negative,218.0,220.13133375328465,-0.01927045843994392,0.22394736842105262,inner_disk
UGC02916,8.88,245.0950000000012,positive,218.0,217.4371288441788,0.00518402446080342,0.2336842105263158,inner_disk
UGC02916,9.25,1188.2850000000035,positive,218.0,215.2573227558124,0.02564512061592238,0.24342105263157895,inner_disk
UGC02916,9.52,1916.207899999994,positive,218.0,213.5598091870285,0.04201492358583158,0.25052631578947365,inner_disk
UGC02916,9.62,2177.202400000009,positive,218.0,212.94787531224628,0.048012263604696306,0.2531578947368421,inner_disk
UGC02916,9.99,2659.434100000006,positive,217.0,210.78322015758275,0.05985730551555999,0.2628947368421053,inner_disk
UGC02916,10.4,3632.5046,positive,217.0,208.46221576103423,0.08358945116407158,0.2736842105263158,inner_disk
UGC02916,10.71,3810.639900000002,positive,216.0,206.99120778429213,0.08893938319356084,0.2818421052631579,inner_disk
UGC02916,11.12,4211.234300000004,positive,215.0,204.97259743682807,0.10023463095572997,0.2926315789473684,inner_disk
UGC02916,12.67,5549.415500000003,positive,212.0,198.48069049658204,0.14086747126372165,0.33342105263157895,inner_disk
UGC02916,12.98,5559.199899999992,positive,211.0,197.3874365302919,0.1426833433191397,0.34157894736842104,inner_disk
UGC02916,15.86,8050.586600000002,positive,209.0,188.76020078395763,0.22594704444265593,0.41736842105263156,mid_disk
UGC02916,19.05,12941.3266,positive,215.0,182.43813581595268,0.388819059857738,0.5013157894736843,mid_disk
UGC02916,22.14,14747.3731,positive,215.0,177.41935322844574,0.46850333244149356,0.5826315789473684,mid_disk
UGC02916,25.34,14965.828599999992,positive,210.0,170.68734985346748,0.5136864335190939,0.6668421052631579,outer_disk
UGC02916,28.53,11909.6198,positive,196.0,162.807801410129,0.4493114378552526,0.7507894736842106,outer_disk
UGC02916,31.72,10345.3269,positive,185.0,154.53049246022613,0.4332273250424018,0.8347368421052631,edge
UGC02916,34.91,11185.8088,positive,182.0,148.11546576910865,0.5098783531433532,0.9186842105263157,edge
UGC02916,38.0,12408.475700000005,positive,181.0,142.6622735694339,0.6096774786801265,1.0,edge
UGC02953,0.09,46733.445,positive,231.0,81.4097967077673,7.0513854656807835,0.0014425388684083987,core
UGC02953,0.17,29000.017,positive,231.0,156.08005317784847,1.1904288509211631,0.002724795640326976,core
UGC02953,0.26,10590.655,positive,231.0,206.8099248101986,0.24761677746578856,0.004167334508735374,core
UGC02953,0.34,848.3669999999984,positive,231.0,229.156350555685,0.016155483957545957,0.005449591280653952,core
UGC02953,0.43,-5296.39209999999,negative,232.0,243.14685295105093,-0.08958655231922914,0.00689213014906235,core
UGC02953,0.51,-9586.981400000004,negative,232.0,251.81537165153364,-0.1511880306586771,0.008174386920980926,core
UGC02953,0.6,-13801.318699999989,negative,232.0,260.04868524951246,-0.2040850818201022,0.009616925789389325,core
UGC02953,0.69,-17209.508600000016,negative,232.0,266.5211222398705,-0.24227310376725522,0.011059464657797722,core
UGC02953,0.77,-19423.939400000003,negative,233.0,271.5012696102912,-0.26350786657138775,0.0123417214297163,core
UGC02953,0.86,-21864.770499999984,negative,233.0,275.95972622830305,-0.2871134332081429,0.0137842602981247,core
UGC02953,0.95,-23596.181400000016,negative,234.0,279.91459661832573,-0.30115538557296645,0.015226799166533097,core
UGC02953,1.03,-25412.267599999977,negative,235.0,283.96701850743153,-0.3151429649880645,0.016509055938451676,core
UGC02953,1.11,-27296.514099999986,negative,235.0,287.2655811265944,-0.33078057761909135,0.017791312710370252,core
UGC02953,1.2,-29177.20590000001,negative,236.0,291.33006350186383,-0.343774052017988,0.01923385157877865,core
UGC02953,1.29,-30885.52280000001,negative,237.0,295.05003440094697,-0.35478366667929184,0.02067639044718705,core
UGC02953,1.38,-32331.73330000002,negative,238.0,298.28800394920347,-0.3633769804513655,0.022118929315595445,core
UGC02953,1.46,-33743.89899999999,negative,238.0,300.6458032303128,-0.3733231923003321,0.023401186087514025,core
UGC02953,1.55,-34563.17629999999,negative,239.0,302.7939502367905,-0.37698082368004,0.024843724955922426,core
UGC02953,1.63,-35036.822900000014,negative,240.0,304.3629788591247,-0.37821701784636674,0.026125981727841,core
UGC02953,1.72,-35410.789099999995,negative,241.0,305.76427047645706,-0.37875827857058303,0.0275685205962494,core
UGC02953,1.8,-35569.0851,negative,242.0,306.8111554360434,-0.37785954919265685,0.028850777368167976,core
UGC02953,1.89,-35649.16380000001,negative,243.0,307.73066762999105,-0.3764504227905631,0.030293316236576374,core
UGC02953,1.98,-35613.00820000001,negative,244.0,308.462328656191,-0.3742866990809055,0.03173585510498477,core
UGC02953,2.07,-35021.19569999998,negative,246.0,309.09091817780734,-0.36657131752088873,0.03317839397339317,core
UGC02953,2.15,-34839.84970000002,negative,247.0,309.59465386211053,-0.3634874055249096,0.034460650745311745,core
UGC02953,2.23,-34646.6269,negative,248.0,310.0816455387194,-0.3603369839287028,0.035742907517230325,core
UGC02953,2.32,-34497.484999999986,negative,249.0,310.6420528518313,-0.35749250363878776,0.03718544638563872,core
UGC02953,2.4,-33830.7325,negative,251.0,311.1779756023874,-0.34937650733451453,0.0384677031575573,core
UGC02953,2.49,-33762.8532,negative,252.0,311.87634280272044,-0.3471157140303167,0.0399102420259657,core
UGC02953,2.58,-33816.0006,negative,253.0,312.7698844198399,-0.345678511552189,0.0413527808943741,core
UGC02953,2.67,-34035.37459999998,negative,254.0,313.9289324034979,-0.3453566704487143,0.042795319762782495,core
UGC02953,2.75,-33786.9632,negative,256.0,315.1554587818526,-0.34017272654225444,0.044077576534701075,core
UGC02953,2.83,-34167.764,negative,257.0,316.57031446425924,-0.34093860783611024,0.04535983330661965,core
UGC02953,2.92,-34282.3547,negative,259.0,318.3761214350096,-0.33821251083750886,0.04680237217502805,core
UGC02953,3.0,-34807.23860000001,negative,260.0,320.01131011262714,-0.3398904127857228,0.04808462894694662,core
UGC02953,3.09,-34927.8845,negative,262.0,321.8258605208724,-0.3372332623724732,0.049527167815355023,core
UGC02953,3.18,-35460.4252,negative,263.0,323.46472017825994,-0.33891446055655094,0.050969706683763424,core
UGC02953,3.27,-35894.513300000006,negative,264.0,324.9469392070035,-0.33994070279796623,0.052412245552171825,core
UGC02953,3.35,-35604.22340000002,negative,266.0,326.1291514109096,-0.3347513032771611,0.0536945023240904,core
UGC02953,3.43,-35744.00290000002,negative,267.0,327.1589871912432,-0.33395309793742134,0.05497675909600898,core
UGC02953,4.21,-32202.539500000014,negative,280.0,332.5696009860192,-0.29115551637039944,0.0674787626222151,core
UGC02953,4.29,-31328.65579999998,negative,282.0,332.9454246569548,-0.2826152930113199,0.06876101939413368,core
UGC02953,4.38,-30961.2944,negative,283.0,333.24209578023004,-0.27880425321952135,0.07020355826254207,core
UGC02953,4.47,-30039.876500000013,negative,285.0,333.5639016740271,-0.26998525900489373,0.07164609713095046,core
UGC02953,4.8,-27746.5361,negative,290.0,334.4346514642285,-0.24807684768343932,0.0769354063151146,core
UGC02953,5.25,-25410.079400000017,negative,296.0,336.19351480955135,-0.224816073731741,0.0841481006571566,core
UGC02953,5.32,-24421.713300000018,negative,298.0,336.4902870812173,-0.215690522834622,0.08527007533258535,core
UGC02953,5.41,-24010.72540000001,negative,299.0,336.76657405389864,-0.21171290107186758,0.08671261420099376,core
UGC02953,5.5,-23531.969399999973,negative,300.0,336.9450539776478,-0.20727174490465572,0.08815515306940215,core
UGC02953,5.58,-22950.927500000005,negative,301.0,336.97466892928315,-0.2021183436097992,0.08943740984132073,core
UGC02953,5.67,-22187.43709999998,negative,302.0,336.7364505069209,-0.19567118706179606,0.09087994870972912,core
UGC02953,5.76,-21561.359499999977,negative,303.0,336.705152173233,-0.1901851559357539,0.09232248757813752,core
UGC02953,6.0,-19628.67290000002,negative,306.0,336.5481732233887,-0.17329916201965223,0.09616925789389325,core
UGC02953,6.18,-18826.33100000002,negative,307.0,336.26675571635093,-0.16649370674846856,0.09905433563071005,core
UGC02953,6.27,-18123.5101,negative,308.0,336.1361481602358,-0.1604027744656,0.10049687449911844,core
UGC02953,6.36,-17447.40810000003,negative,309.0,336.0482228788006,-0.15449972591971767,0.10193941336752685,core
UGC02953,6.45,-16804.830600000016,negative,310.0,336.0131405168554,-0.14884066971001694,0.10338195223593524,core
UGC02953,6.53,-16811.028900000005,negative,310.0,336.0223636902758,-0.14888739447134738,0.10466420900785382,core
UGC02953,6.61,-16255.35249999998,negative,311.0,336.11955090413886,-0.1438827873293217,0.1059464657797724,core
UGC02953,6.7,-15787.430999999982,negative,312.0,336.3501612902839,-0.1395494679104694,0.1073890046481808,core
UGC02953,6.79,-16033.033100000015,negative,312.0,336.71506218166127,-0.141413412060789,0.10883154351658919,core
UGC02953,6.87,-15385.846600000004,negative,313.0,336.68211505810643,-0.1357317050085444,0.11011380028850777,core
UGC02953,6.96,-15601.848999999987,negative,313.0,337.0027433122763,-0.13737547211608842,0.11155633915691616,core
UGC02953,7.05,-15149.3419,negative,314.0,337.2615333832188,-0.13318648172264183,0.11299887802532457,core
UGC02953,7.2,-14622.49459999999,negative,315.0,337.4129437351211,-0.12843931832997926,0.1154031094726719,core
UGC02953,7.39,-13697.55740000002,negative,316.0,336.9770873516477,-0.12062640496369001,0.11844846930597852,core
UGC02953,7.47,-13377.826099999991,negative,316.0,336.5023418937824,-0.1181433725306222,0.11973072607789709,core
UGC02953,7.99,-9714.115699999997,negative,318.0,332.92358838027684,-0.08764237499573439,0.12806539509536785,core
UGC02953,8.08,-9417.636899999983,negative,318.0,332.4780246873468,-0.0851953812527629,0.12950793396377625,core
UGC02953,8.16,-9122.992100000018,negative,318.0,332.0346248510839,-0.0827504853077984,0.1307901907356948,core
UGC02953,8.25,-8384.414900000018,negative,319.0,331.88162784342256,-0.07612132477427361,0.13223272960410323,core
UGC02953,8.34,-8279.291400000002,negative,319.0,331.72321504531453,-0.07523872660337215,0.13367526847251163,core
UGC02953,8.4,-8194.376499999998,negative,319.0,331.5951997541581,-0.07452456406258585,0.13463696105145057,core
UGC02953,9.59,-4701.515799999994,negative,319.0,326.285941775002,-0.04416123144067194,0.15371053053373937,core
UGC02953,10.8,-1623.5824999999895,negative,317.0,319.55059458558355,-0.015899925946932052,0.17310466420900786,core
UGC02953,12.02,-3047.126199999984,negative,312.0,316.845587313442,-0.030352545243186875,0.19265907998076615,core
UGC02953,13.22,-2723.636200000008,negative,308.0,312.3901986298546,-0.027909644152237477,0.2118929315595448,inner_disk
UGC02953,14.42,-408.983699999997,negative,303.0,303.6741406507969,-0.004434966842589913,0.23112678313832344,inner_disk
UGC02953,15.63,4380.54819999999,positive,298.0,290.5571403355973,0.05188781205461195,0.25052091681359195,inner_disk
UGC02953,16.83,10542.227699999989,positive,296.0,277.6216351439491,0.1367810006621408,0.26975476839237056,inner_disk
UGC02953,18.03,14253.3272,positive,294.0,268.66833233561414,0.1974618928214584,0.2889886199711492,inner_disk
UGC02953,19.23,18604.677,positive,294.0,260.44447200891017,0.27427855122330436,0.3082224715499279,inner_disk
UGC02953,20.43,22779.9643,positive,294.0,252.30147779987337,0.357860241365926,0.32745632312870654,inner_disk
UGC02953,21.64,25406.132,positive,292.0,244.65867652711603,0.4244409774167032,0.346850456803975,inner_disk
UGC02953,22.84,27689.80689999999,positive,290.0,237.50830111808727,0.4908653095888796,0.36608430838275363,inner_disk
UGC02953,24.04,29178.2735,positive,287.0,230.63114815653157,0.5485594091293338,0.3853181599615323,inner_disk
UGC02953,25.24,29907.3951,positive,283.0,224.01251058813656,0.5959832324932278,0.4045520115403109,mid_disk
UGC02953,26.44,30374.0405,positive,279.0,217.8691338854589,0.6398985909346057,0.4237858631190896,mid_disk
UGC02953,27.65,31114.011100000003,positive,276.0,212.2780933115803,0.6904713231599062,0.44317999679435804,mid_disk
UGC02953,28.85,31622.5571,positive,273.0,207.1387044953212,0.7370118556250674,0.46241384837313676,mid_disk
UGC02953,30.05,32488.062,positive,271.0,202.36832261991995,0.7933023511036009,0.48164769995191536,mid_disk
UGC02953,31.25,33671.534100000004,positive,270.0,198.0617729396564,0.858344401890057,0.500881551530694,mid_disk
UGC02953,32.34,34003.028600000005,positive,268.0,194.4761460950931,0.8990522279393387,0.5183523000480846,mid_disk
UGC02953,33.55,34896.0031,positive,267.0,190.76948629170232,0.9588658827929613,0.5377464337233531,mid_disk
UGC02953,34.75,35708.7125,positive,266.0,187.20920783978548,1.0188723592375017,0.5569802853021317,mid_disk
UGC02953,35.95,36454.6919,positive,265.0,183.76699404408836,1.0794894672577768,0.5762141368809104,mid_disk
UGC02953,37.15,37116.9102,positive,264.0,180.49678612097225,1.1392862854013803,0.595447988459689,mid_disk
UGC02953,38.35,38209.6591,positive,264.0,177.44390916568537,1.2135312649174803,0.6146818400384677,outer_disk
UGC02953,39.56,39214.571800000005,positive,264.0,174.58931296044435,1.2865070344702558,0.6340759737137363,outer_disk
UGC02953,40.76,40105.4779,positive,264.0,172.01895854817863,1.3553487756811158,0.6533098252925148,outer_disk
UGC02953,41.96,40949.7998,positive,264.0,169.54704420897465,1.4245291382893797,0.6725436768712935,outer_disk
UGC02953,43.16,41774.9954,positive,264.0,167.09579468077587,1.4961852554545976,0.6917775284500721,outer_disk
UGC02953,44.36,41512.2926,positive,262.0,164.71705254769464,1.5300287588977908,0.7110113800288508,outer_disk
UGC02953,45.57,41182.6158,positive,260.0,162.5342554663478,1.558921030493246,0.7304055137041192,outer_disk
UGC02953,46.77,40805.8682,positive,258.0,160.49340111045066,1.5841936254088111,0.749639365282898,outer_disk
UGC02953,47.97,40940.3478,positive,257.0,158.45709892586066,1.6305274960158957,0.7688732168616765,outer_disk
UGC02953,49.17,42082.78300000001,positive,258.0,156.46474682815932,1.7189824754218723,0.7881070684404552,outer_disk
UGC02953,50.37,43704.6303,positive,260.0,154.58127215157728,1.8289999631183773,0.8073409200192339,edge
UGC02953,51.58,45823.79,positive,263.0,152.79139373668923,1.9628776095824372,0.8267350536945023,edge
UGC02953,52.78,47437.2551,positive,265.0,150.95610255965144,2.0817002870696517,0.845968905273281,edge
UGC02953,53.98,48510.3574,positive,266.0,149.14973214860294,2.180667840091974,0.8652027568520596,edge
UGC02953,55.18,49018.1311,positive,266.0,147.43767802024013,2.2549648875654045,0.8844366084308383,edge
UGC02953,57.59,47829.734,positive,262.0,144.2715009972517,2.2979303714096857,0.9230645936848855,edge
UGC02953,59.99,49257.0979,positive,263.0,141.10953936569987,2.4737515106605508,0.9615322968424427,edge
UGC02953,62.39,54873.5231,positive,272.0,138.24064850831684,2.8713842876417175,1.0,edge
UGC03205,0.28,2894.092300000002,positive,107.0,92.49274403973534,0.3382961454978647,0.006993006993006994,core
UGC03205,0.55,-6724.574799999995,negative,121.0,146.16967811416976,-0.3147387731408001,0.013736263736263738,core
UGC03205,0.83,-9698.5785,negative,134.0,166.29665811434697,-0.35070426041749286,0.020729270729270728,core
UGC03205,1.39,-8275.264900000002,negative,157.0,181.4504475056482,-0.25134243467953643,0.03471528471528471,core
UGC03205,1.65,-6850.708899999998,negative,168.0,187.28243083642417,-0.1953176267130758,0.04120879120879121,core
UGC03205,3.04,5008.406799999997,positive,207.0,194.52658738588923,0.1323553986991937,0.07592407592407592,core
UGC03205,3.32,7475.448300000004,positive,213.0,194.6626612887022,0.19727494427501777,0.08291708291708291,core
UGC03205,3.59,9063.757599999995,positive,218.0,196.1128307888089,0.23566563896643555,0.08966033966033966,core
UGC03205,3.87,9705.580499999996,positive,222.0,198.9432569855033,0.24522405448757234,0.09665334665334666,core
UGC03205,4.15,9430.772599999997,positive,226.0,204.07162321106773,0.22645506313167588,0.10364635364635366,core
UGC03205,4.43,8531.04860000001,positive,229.0,209.5470147723417,0.19428508408688447,0.11063936063936064,core
UGC03205,4.7,8085.361499999999,positive,232.0,213.8659358102641,0.17677311273705706,0.11738261738261739,core
UGC03205,4.97,7657.573099999994,positive,234.0,217.02171988075293,0.1625866001057457,0.12412587412587413,core
UGC03205,5.25,6919.761099999996,positive,235.0,219.7845283453774,0.14325073755095322,0.13111888111888112,core
UGC03205,5.52,5803.402200000004,positive,236.0,223.36651002332465,0.11631789996711707,0.13786213786213786,core
UGC03205,5.8,4511.197400000005,positive,237.0,227.2835290996688,0.08732848036397127,0.14485514485514486,core
UGC03205,6.08,2934.1977999999945,positive,237.0,230.72668289558536,0.05511803704983043,0.15184815184815184,core
UGC03205,6.36,1473.927800000005,positive,237.0,233.86977615758727,0.026948091312694267,0.15884115884115885,core
UGC03205,6.63,124.59709999999905,positive,236.0,235.7358752926673,0.0022421082336936842,0.16558441558441558,core
UGC03205,6.91,-468.6803999999975,negative,236.0,236.99088674461728,-0.008344753262407906,0.1725774225774226,core
UGC03205,7.19,-1225.1652999999933,negative,235.0,237.59243527519976,-0.021703484719468015,0.1795704295704296,core
UGC03205,7.27,-1698.9493999999977,negative,234.0,237.6025029329447,-0.03009389642637777,0.18156843156843155,core
UGC03205,7.46,-1665.548999999999,negative,234.0,237.53220623738585,-0.029519731902433215,0.1863136863136863,core
UGC03205,8.02,-2821.7128999999986,negative,231.0,237.02892840326476,-0.050223863433266104,0.2002997002997003,inner_disk
UGC03205,8.29,-3499.2574000000022,negative,229.0,236.5169283582044,-0.06255347334172263,0.20704295704295703,inner_disk
UGC03205,8.56,-3652.570599999999,negative,228.0,235.874056648882,-0.0656505345424723,0.2137862137862138,inner_disk
UGC03205,8.84,-4054.906899999987,negative,226.0,234.7997165671202,-0.07355052053388203,0.22077922077922077,inner_disk
UGC03205,9.12,-4434.401299999998,negative,224.0,233.6886845784365,-0.08120067229756832,0.22777222777222775,inner_disk
UGC03205,9.69,-4403.202099999995,negative,221.0,230.7470522021896,-0.08269824556165138,0.242007992007992,inner_disk
UGC03205,12.11,960.0561999999918,positive,216.0,213.76609600214903,0.02100965906737639,0.30244755244755245,inner_disk
UGC03205,14.58,9487.338599999995,positive,220.0,197.26292454488248,0.2438110953778144,0.36413586413586413,inner_disk
UGC03205,14.68,9742.92040000001,positive,220.0,196.6140371387557,0.2520345691090438,0.36663336663336665,inner_disk
UGC03205,15.2,11393.551,positive,221.0,193.51343364221515,0.30425439660789705,0.3796203796203796,inner_disk
UGC03205,15.5,11970.266199999998,positive,221.0,192.01753513676817,0.32465494896117303,0.3871128871128871,inner_disk
UGC03205,15.71,12336.655100000004,positive,221.0,191.06110253005448,0.33795032163417915,0.39235764235764237,inner_disk
UGC03205,16.02,12872.100999999995,positive,221.0,189.6546835699029,0.35786752883372935,0.4000999000999001,mid_disk
UGC03205,16.32,13392.288399999998,positive,221.0,188.27828233760792,0.3777933751476597,0.4075924075924076,mid_disk
UGC03205,16.53,13712.494900000003,positive,221.0,187.42599899693744,0.39035236088085074,0.4128371628371629,mid_disk
UGC03205,16.84,14174.479899999998,positive,221.0,186.1894736551989,0.40888095658612117,0.4205794205794206,mid_disk
UGC03205,16.94,14302.072500000002,positive,221.0,185.8465159748764,0.41408559950218504,0.42307692307692313,mid_disk
UGC03205,19.4,16506.693499999998,positive,218.0,176.1173089165287,0.5321768832506457,0.4845154845154845,mid_disk
UGC03205,21.77,18408.6814,positive,216.0,168.06938626650603,0.6516965967877743,0.5437062937062938,mid_disk
UGC03205,24.23,20814.6339,positive,215.0,159.40629253577163,0.8191394731617031,0.6051448551448552,outer_disk
UGC03205,26.69,21943.903100000003,positive,212.0,151.6578283505339,0.9540787239031155,0.6665834165834166,outer_disk
UGC03205,29.06,22317.9246,positive,208.0,144.7275903205743,1.0654943312196807,0.7257742257742258,outer_disk
UGC03205,31.52,24575.4359,positive,209.0,138.2228783523191,1.2862973200566215,0.7872127872127872,outer_disk
UGC03205,36.34,32156.5991,positive,220.0,127.44960141169528,1.9796715785054593,0.9075924075924077,edge
UGC03205,40.04,33958.2184,positive,220.0,120.17396390233618,2.3513870615520176,1.0,edge
UGC03546,0.63,-89739.12409999999,negative,262.0,397.97377313084337,-0.5665952392967099,0.02155319876838864,core
UGC03546,0.79,-81325.7869,negative,250.0,379.2437038369919,-0.5654464936565557,0.02702702702702703,core
UGC03546,0.95,-72817.21640000002,negative,241.0,361.7985854035364,-0.5562888357277878,0.03250085528566541,core
UGC03546,1.11,-65301.134900000005,negative,234.0,346.49261882470165,-0.5439171520659036,0.0379746835443038,core
UGC03546,1.27,-59682.09049999999,negative,228.0,334.1647654975012,-0.5344692397912866,0.04344851180294218,core
UGC03546,1.43,-54149.56159999999,negative,225.0,323.68898900024385,-0.5168197391913497,0.04892234006158056,core
UGC03546,1.59,-50333.594900000026,negative,222.0,315.622551317234,-0.5052681200597829,0.05439616832021896,core
UGC03546,1.9,-44483.3129,negative,221.0,305.49028282418413,-0.476652991248543,0.06500171057133082,core
UGC03546,2.06,-42602.25689999999,negative,221.0,302.3958612481328,-0.4658873529251996,0.07047553882996921,core
UGC03546,2.22,-40848.8809,negative,222.0,300.2213864800441,-0.45320731449070983,0.0759493670886076,core
UGC03546,2.38,-39962.04639999999,negative,222.0,298.74076789082534,-0.44777385679238335,0.08142319534724597,core
UGC03546,2.79,-37989.8251,negative,221.0,294.67070621288434,-0.4375154221585303,0.09544988026000684,core
UGC03546,2.86,-37528.2456,negative,221.0,293.886450181018,-0.43450935966030957,0.09784468012316112,core
UGC03546,3.02,-36782.1691,negative,220.0,291.8598449598711,-0.4318059693551523,0.10331850838179953,core
UGC03546,4.17,-31006.77369999999,negative,205.0,270.24391519514364,-0.42456552989346324,0.14266164899076292,core
UGC03546,5.56,-22883.365600000005,negative,190.0,242.86491224547032,-0.3879630361411592,0.19021553198768387,core
UGC03546,6.96,-15824.017099999995,negative,190.0,227.86842058521404,-0.30475332964945034,0.23811152925076975,inner_disk
UGC03546,8.35,-8209.930900000007,negative,198.0,217.7474015918445,-0.17315440302377474,0.2856654122476907,inner_disk
UGC03546,9.73,-3555.6521,negative,204.0,212.5362371455748,-0.07871423635621243,0.3328771809784468,inner_disk
UGC03546,11.14,520.667100000006,positive,204.0,202.7198384470548,0.012669737978932545,0.3811152925076976,inner_disk
UGC03546,12.51,2658.4630999999936,positive,201.0,194.2743855993373,0.07043678878936178,0.4279849469722887,mid_disk
UGC03546,13.88,5761.580499999996,positive,203.0,188.2748509493501,0.16253878508702152,0.47485460143687996,mid_disk
UGC03546,15.35,7402.838299999996,positive,202.0,182.759847067128,0.22163415651498114,0.52514539856312,mid_disk
UGC03546,16.72,8159.1961999999985,positive,198.0,176.1953569195284,0.26282002787210396,0.5720150530277112,mid_disk
UGC03546,18.08,9419.3223,positive,195.0,169.13213089179715,0.3292815642679215,0.6185425932261375,outer_disk
UGC03546,19.45,11369.223500000004,positive,194.0,162.07028259369451,0.43283664822746726,0.6654122476907287,outer_disk
UGC03546,20.92,12863.0798,positive,192.0,154.9223037525585,0.5359411094579615,0.7157030448169689,outer_disk
UGC03546,22.92,14765.5691,positive,190.0,146.06310588235485,0.6921004440760592,0.7841258980499487,outer_disk
UGC03546,25.02,17257.342999999997,positive,191.0,138.6494031721738,0.8977138428968015,0.8559698939445775,edge
UGC03546,29.23,21114.9174,positive,193.0,127.02000866005324,1.308715092359822,1.0,edge
UGC03580,0.11,1102.6837000000005,positive,56.2,45.34044882883274,0.5363883355240114,0.0040650406504065045,core
UGC03580,0.23,-1965.7731000000013,negative,64.6,78.35134395784159,-0.32021412645790215,0.008499630450849964,core
UGC03580,0.34,-3990.8005,negative,70.2,94.43961298099435,-0.4474573236285593,0.012564671101256468,core
UGC03580,0.46,-5648.957400000003,negative,71.6,103.80518965832104,-0.5242400146836571,0.01699926090169993,core
UGC03580,0.57,-6461.717700000001,negative,71.0,107.25072354068294,-0.5617557405585987,0.02106430155210643,core
UGC03580,0.69,-7497.4421,negative,69.0,110.7178490578642,-0.6116145949736957,0.025498891352549888,core
UGC03580,0.8,-8423.6581,negative,67.7,114.0480078738774,-0.6476275629945814,0.029563932002956397,core
UGC03580,0.92,-9203.3013,negative,66.9,116.95687795080715,-0.6728094874041619,0.03399852180339986,core
UGC03580,1.03,-9890.5505,negative,66.6,119.69173112625616,-0.6903863054804723,0.038063562453806356,core
UGC03580,1.14,-10231.3235,negative,66.8,121.21700994497432,-0.6963132871069702,0.04212860310421286,core
UGC03580,1.26,-10400.743,negative,67.4,122.24362151049029,-0.6960043438275483,0.04656319290465632,core
UGC03580,1.37,-10348.032700000002,negative,68.3,122.52723248323208,-0.6892750270405376,0.05062823355506283,core
UGC03580,1.49,-10088.496899999998,negative,69.6,122.19925081603404,-0.675599591389527,0.05506282335550629,core
UGC03580,1.61,-9767.1605,negative,71.2,121.80558484732956,-0.6583152589435836,0.059497413155949745,core
UGC03580,1.71,-9433.656099999997,negative,72.9,121.44161601362194,-0.6396537712832735,0.0631929046563193,core
UGC03580,1.83,-9000.0186,negative,74.9,120.87195125420952,-0.6160164943140493,0.06762749445676275,core
UGC03580,1.94,-8502.1338,negative,77.0,120.12965412420031,-0.5891521704275239,0.07169253510716926,core
UGC03580,2.06,-7964.7779,negative,79.2,119.32065160733912,-0.5594257298579401,0.07612712490761271,core
UGC03580,2.18,-7462.337299999997,negative,81.4,118.69413338493187,-0.5296834060990464,0.08056171470805618,core
UGC03580,2.29,-7054.572200000002,negative,83.6,118.50541000308804,-0.5023360291081187,0.08462675535846267,core
UGC03580,2.4,-6700.411200000001,negative,85.7,118.51118596993282,-0.4770707251397397,0.08869179600886919,core
UGC03580,2.52,-6340.8581,negative,87.8,118.53142241616776,-0.4513163240141083,0.09312638580931264,core
UGC03580,2.63,-5981.224200000001,negative,89.7,118.43696298031288,-0.4263983906484392,0.09719142645971915,core
UGC03580,2.75,-5581.8518,negative,91.4,118.05003939008238,-0.4005401249749943,0.10162601626016261,core
UGC03580,2.86,-5203.839499999998,negative,92.8,117.5401186829416,-0.37666185727600293,0.10569105691056911,core
UGC03580,2.98,-4806.097,negative,94.1,116.8798827857044,-0.35181390225407433,0.11012564671101258,core
UGC03580,3.09,-4428.948099999998,negative,95.2,116.15501754121514,-0.3282650464241069,0.11419068736141907,core
UGC03580,3.2,-4078.9741,negative,96.1,115.38710543210622,-0.30636305382017365,0.11825572801182559,core
UGC03580,4.52,-1732.2273999999998,negative,97.4,105.91972148754924,-0.15440140346356035,0.1670362158167036,core
UGC03580,4.69,-1607.1349999999984,negative,96.9,104.8653660652553,-0.14614642787479373,0.17331855136733187,core
UGC03580,6.03,-113.28460000000086,negative,96.8,97.3833897541054,-0.011945411097473282,0.22283813747228384,inner_disk
UGC03580,7.53,2581.1522000000004,positive,105.0,91.89041190461604,0.30568435873512545,0.2782705099778271,inner_disk
UGC03580,8.58,4311.0142000000005,positive,110.0,88.2552310064395,0.553475678438135,0.3170731707317073,inner_disk
UGC03580,8.7,4367.096500000001,positive,110.0,87.93692910262445,0.5647421437497573,0.32150776053215074,inner_disk
UGC03580,8.82,4425.6311,positive,110.0,87.60347538768083,0.5766768782772481,0.3259423503325943,inner_disk
UGC03580,9.03,4749.4243,positive,111.0,87.01480161443799,0.6272702655538397,0.33370288248337027,inner_disk
UGC03580,9.05,4761.160699999999,positive,111.0,86.94733635943082,0.6297965487176426,0.3344419807834442,inner_disk
UGC03580,10.53,5578.133,positive,112.0,83.46176969127842,0.8007808647509347,0.3891352549889135,inner_disk
UGC03580,12.07,6048.6942,positive,112.0,80.59346003243688,0.9312408662883892,0.44604582409460464,mid_disk
UGC03580,13.58,6962.8788,positive,114.0,77.67316911263502,1.1541088881158232,0.5018477457501848,mid_disk
UGC03580,15.09,8311.0478,positive,118.0,74.91963827995968,1.4806909989363528,0.5576496674057649,mid_disk
UGC03580,16.6,9633.4568,positive,122.0,72.460632070111,1.8347543164676754,0.6134515890613452,outer_disk
UGC03580,18.11,10680.5271,positive,125.0,70.3169460372107,2.160094173031062,0.6692535107169254,outer_disk
UGC03580,19.62,11713.7823,positive,128.0,68.33899106659389,2.5081876375912846,0.7250554323725056,outer_disk
UGC03580,21.02,12738.5253,positive,131.0,66.50168945222369,2.8804065967861847,0.7767923133776793,outer_disk
UGC03580,24.04,12298.2301,positive,127.0,61.89321368292326,3.210380790555967,0.8883961566888396,edge
UGC03580,27.06,11997.8302,positive,124.0,58.122025085160274,3.5515770107233804,1.0,edge
UGC04278,0.14,7.749600000000004,positive,5.23,4.427561405559499,0.395321195921095,0.02092675635276532,core
UGC04278,0.42,108.51150000000004,positive,15.4,11.342332211674986,0.8434727182983094,0.06278026905829596,core
UGC04278,0.69,271.7389999999999,positive,24.4,17.989469141695093,0.8396828388763398,0.10313901345291479,core
UGC04278,0.97,451.0674000000001,positive,32.1,24.06953676330311,0.7785848995050599,0.14499252615844543,core
UGC04278,1.25,388.566,positive,34.6,28.4357873110628,0.4805452427299731,0.18684603886397608,core
UGC04278,1.52,490.7574999999998,positive,37.9,30.751463379813327,0.5189617750706521,0.22720478325859492,inner_disk
UGC04278,1.8,613.2179000000001,positive,40.5,32.047341543410425,0.5970776375928273,0.26905829596412556,inner_disk
UGC04278,2.07,811.518,positive,43.0,32.20996740141163,0.7821995947881506,0.30941704035874434,inner_disk
UGC04278,2.35,1007.669,positive,45.1,32.03655724324947,0.9818072161201785,0.351270553064275,inner_disk
UGC04278,2.63,1068.9359000000002,positive,45.6,31.787168794971343,1.0579081595539934,0.39312406576980563,inner_disk
UGC04278,2.91,1375.3840000000002,positive,49.2,32.33041911265612,1.315834589803838,0.4349775784753363,mid_disk
UGC04278,3.19,1426.6908,positive,50.3,33.2174532437392,1.2929960434990349,0.4768310911808669,mid_disk
UGC04278,3.46,1713.6119000000003,positive,53.7,34.20640437111156,1.4645277951958937,0.5171898355754858,mid_disk
UGC04278,3.74,2143.0259,positive,58.0,34.94243981178189,1.755177198271446,0.5590433482810164,mid_disk
UGC04278,4.01,2905.484700000001,positive,64.4,35.24025113417894,2.339594563157831,0.5994020926756352,mid_disk
UGC04278,4.29,3284.5387,positive,67.5,35.66106139755237,2.5827707121891583,0.6412556053811659,outer_disk
UGC04278,4.57,3816.0123,positive,71.3,35.604461799049844,3.010238564581518,0.6831091180866966,outer_disk
UGC04278,4.85,4489.071799999999,positive,75.6,35.01839802161144,3.6606988471388693,0.7249626307922271,outer_disk
UGC04278,5.13,5065.396699999999,positive,80.0,36.532222762925336,3.7954324704577003,0.7668161434977578,outer_disk
UGC04278,5.4,5322.659,positive,82.8,39.15585524541636,3.471644248135086,0.8071748878923767,edge
UGC04278,5.68,5372.732,positive,84.8,42.6416228584232,2.954797537050929,0.8490284005979072,edge
UGC04278,5.86,5450.1095,positive,86.3,44.694300531499536,2.728355377918437,0.8759342301943199,edge
UGC04278,6.36,5560.883000000002,positive,90.2,50.74600476884855,2.159434550980776,0.9506726457399103,edge
UGC04278,6.51,5620.117999999999,positive,91.3,52.11115043826993,2.06958902212867,0.9730941704035874,edge
UGC04278,6.69,5961.43,positive,92.8,51.48213282295131,2.2492482295192064,1.0,edge
UGC04305,0.25,-32.6352,negative,3.17,6.533306972735936,-0.7645750993929823,0.045289855072463775,core
UGC04305,0.5,-74.4214,negative,10.5,13.589385563740548,-0.4029936416792205,0.09057971014492755,core
UGC04305,0.75,-43.94539999999995,negative,17.5,18.71350848985833,-0.12548822742960064,0.13586956521739132,core
UGC04305,1.0,-122.77660000000004,negative,22.7,25.25998020585131,-0.19241972546439517,0.1811594202898551,core
UGC04305,1.26,-54.656000000000176,negative,29.7,30.60630653966597,-0.0583466596067666,0.2282608695652174,inner_disk
UGC04305,1.5,195.02750000000003,positive,34.5,31.54714725613078,0.19596371665632564,0.27173913043478265,inner_disk
UGC04305,1.76,266.8022000000001,positive,36.0,32.08111282359139,0.25923316198305135,0.31884057971014496,inner_disk
UGC04305,2.01,423.1283999999996,positive,37.3,31.11529527418951,0.4370431547791191,0.3641304347826087,inner_disk
UGC04305,2.26,259.48550000000023,positive,35.6,31.74703923202918,0.25745814583065674,0.40942028985507245,mid_disk
UGC04305,2.51,85.64750000000004,positive,34.9,33.65059434839153,0.07563611476007025,0.45471014492753625,mid_disk
UGC04305,2.76,-252.6469999999997,negative,32.7,36.3584515621884,-0.19111879007849822,0.5,mid_disk
UGC04305,3.01,-398.4690000000001,negative,32.8,38.39673163174178,-0.27027509158527835,0.5452898550724637,mid_disk
UGC04305,3.27,-437.9939999999999,negative,33.2,39.24581506351984,-0.28436847907525714,0.5923913043478262,mid_disk
UGC04305,3.51,-563.1265000000001,negative,32.1,39.91912448939731,-0.353381613787949,0.6358695652173914,outer_disk
UGC04305,3.76,-689.2590000000001,negative,30.1,39.94081871970078,-0.43206443552780127,0.6811594202898551,outer_disk
UGC04305,4.02,-538.0048000000004,negative,32.3,39.76549760785095,-0.34023055030599003,0.7282608695652174,outer_disk
UGC04305,4.26,-424.81,negative,33.6,39.41788933974015,-0.27340597385713455,0.7717391304347826,outer_disk
UGC04305,4.52,-314.3102000000001,negative,35.1,39.32327809326176,-0.20326333446332784,0.8188405797101449,edge
UGC04305,4.77,-316.5006000000003,negative,35.3,39.52961674491672,-0.202548639419692,0.8641304347826086,edge
UGC04305,5.02,-331.3799999999999,negative,35.2,39.62852507979574,-0.21101361419238154,0.9094202898550725,edge
UGC04305,5.27,-328.9215999999999,negative,34.6,39.065094393844745,-0.2155334288808671,0.9547101449275363,edge
UGC04305,5.52,-374.5300000000002,negative,33.0,38.25611062301028,-0.25590865920069983,1.0,edge
UGC04325,0.7,1257.7122,positive,41.3,21.16548605631347,2.8075324268300803,0.1252236135957066,core
UGC04325,1.4,3635.999100000001,positive,68.7,32.91946080967912,3.3551994392496995,0.2504472271914132,inner_disk
UGC04325,2.09,5148.8723,positive,83.8,43.28472825373864,2.7481645312309766,0.3738819320214669,inner_disk
UGC04325,2.79,5274.895100000001,positive,88.7,50.91949430228073,2.034443642264184,0.4991055456171735,mid_disk
UGC04325,3.49,5028.1536,positive,90.1,55.58647677268276,1.6273097998987915,0.6243291592128802,outer_disk
UGC04325,4.19,5242.700299999999,positive,91.6,56.10579025376971,1.665480929788579,0.7495527728085869,outer_disk
UGC04325,4.89,5506.560000000001,positive,92.7,55.558347707612754,1.7839461177362461,0.8747763864042933,edge
UGC04325,5.59,5449.1666000000005,positive,91.5,54.06554725516057,1.8641844430439445,1.0,edge
UGC04483,0.08,8.6631,positive,5.11,4.177200019151585,0.49648117370622946,0.06611570247933884,core
UGC04483,0.24,17.182000000000016,positive,10.8,9.972863179649062,0.17275633935932772,0.19834710743801653,core
UGC04483,0.4,147.28910000000002,positive,17.3,12.328864505703676,0.9690014993332281,0.3305785123966942,inner_disk
UGC04483,0.57,250.56560000000005,positive,20.8,13.493494728942537,1.3761714991234353,0.47107438016528924,mid_disk
UGC04483,0.73,236.2862,positive,20.8,14.012630017238022,1.2033696317565534,0.6033057851239669,outer_disk
UGC04483,0.89,324.58079999999995,positive,22.9,14.136095642008083,1.6242911446375208,0.7355371900826446,outer_disk
UGC04483,1.05,387.00340000000006,positive,24.3,14.26487294019824,1.9018618424997031,0.8677685950413224,edge
UGC04483,1.21,380.742,positive,24.2,14.3142586255803,1.858202617887925,1.0,edge
UGC04499,0.91,-243.0472000000001,negative,26.0,30.315791264619836,-0.26445562317147586,0.11124694376528119,core
UGC04499,1.82,744.2450000000001,positive,45.1,35.91329837260844,0.5770392280764327,0.22249388753056237,inner_disk
UGC04499,2.73,1676.899,positive,57.0,39.64972887675274,1.0666611114680289,0.33374083129584353,inner_disk
UGC04499,3.63,1880.9679,positive,62.0,44.306118087686265,0.958195181831209,0.44376528117359415,mid_disk
UGC04499,4.55,2444.351900000001,positive,66.9,45.06948080464207,1.2033684444138344,0.5562347188264058,mid_disk
UGC04499,5.45,2925.809899999999,positive,70.6,45.37124750323712,1.4212964260622065,0.6662591687041566,outer_disk
UGC04499,6.37,3304.3589999999995,positive,72.8,44.670807022036215,1.6559210536206557,0.7787286063569683,outer_disk
UGC04499,7.28,3269.7206999999994,positive,73.3,45.86032381045734,1.554663573683773,0.8899755501222495,edge
UGC04499,8.18,3381.5228,positive,74.3,46.248969718254266,1.5809138167242585,1.0,edge
UGC05005,0.78,-48.30649999999997,negative,14.5,16.07969216123244,-0.1868315049128526,0.02726319468717232,core
UGC05005,2.34,124.21499999999992,positive,32.6,30.63568181059465,0.13234847556590246,0.08178958406151694,core
UGC05005,3.91,631.6975,positive,48.6,41.59642412515768,0.3650876673337138,0.13666550157287663,core
UGC05005,5.47,1181.3595,positive,58.1,46.84282762600909,0.5383886206246733,0.19119189094722125,core
UGC05005,7.04,2084.3787,positive,65.9,47.52295550573428,0.9229320812193844,0.24606780845858092,inner_disk
UGC05005,8.6,2882.5722000000005,positive,72.5,48.72040434971778,1.2143906809930147,0.30059419783292557,inner_disk
UGC05005,10.17,3763.862,positive,78.6,49.13347127977016,1.559117318352445,0.35547011534428524,inner_disk
UGC05005,17.97,7036.610299999999,positive,97.1,48.90602928065209,2.941973067393562,0.6281020622160084,outer_disk
UGC05005,21.07,7585.5987,positive,99.4,47.90366687425922,3.305615577533052,0.7364557846906676,outer_disk
UGC05005,22.72,7748.7638,positive,100.0,47.447193805324254,3.4420039087857592,0.7941279272981475,outer_disk
UGC05005,28.61,7631.5772,positive,99.1,46.78923807885741,3.485959647598921,1.0,edge
UGC05253,0.13,31253.1661,positive,232.0,150.2359274607775,1.3846704219466166,0.0024394820791893415,core
UGC05253,0.25,5296.2471000000005,positive,233.0,221.34306607617052,0.10810266389419408,0.0046913116907487335,core
UGC05253,0.38,-10294.0619,negative,234.0,255.04913624633195,-0.1582483029120684,0.007130793769938075,core
UGC05253,0.51,-18135.17469999999,negative,235.0,270.85083477811173,-0.24720735431945468,0.009570275849127416,core
UGC05253,0.63,-21966.6299,negative,236.0,278.680156990052,-0.28284684575174285,0.011822105460686808,core
UGC05253,0.76,-23302.8845,negative,237.0,281.90758148726684,-0.2932217430933074,0.01426158753987615,core
UGC05253,0.89,-23798.13500000001,negative,238.0,283.62322718705536,-0.29584166307868387,0.016701069619065492,core
UGC05253,1.01,-24525.3121,negative,239.0,285.73818803233144,-0.30038481186953697,0.018952899230624883,core
UGC05253,1.14,-24525.4804,negative,240.0,286.57543579309095,-0.2986342397091172,0.02139238130981422,core
UGC05253,1.27,-24003.381599999997,negative,240.0,285.663056064308,-0.2941468984417675,0.023831863389003567,core
UGC05253,1.39,-24005.43260000001,negative,241.0,286.50729938345376,-0.29244092890449247,0.026083693000562957,core
UGC05253,1.52,-23662.420899999983,negative,242.0,286.75149677028713,-0.28777150508322785,0.0285231750797523,core
UGC05253,1.65,-23294.349900000016,negative,242.0,286.1089825573465,-0.2845690137714346,0.03096265715894164,core
UGC05253,1.77,-22402.87770000001,negative,243.0,285.39775349501264,-0.275044337007347,0.03321448677050103,core
UGC05253,1.9,-21545.670100000018,negative,244.0,284.74843300710194,-0.2657280008345562,0.035653968849690375,core
UGC05253,2.03,-21296.940600000016,negative,244.0,284.31134447995566,-0.26346858646881904,0.03809345092887971,core
UGC05253,2.16,-21194.6106,negative,244.0,284.1313263264014,-0.2625349968553316,0.04053293300806906,core
UGC05253,2.28,-20860.639599999995,negative,245.0,284.4040077073458,-0.2579028824295777,0.04278476261962844,core
UGC05253,2.41,-21232.382099999973,negative,245.0,285.05680504067954,-0.2612978852046967,0.04522424469881779,core
UGC05253,2.54,-21317.3027,negative,246.0,286.065207076988,-0.26049666818592176,0.047663726778007134,core
UGC05253,2.66,-21851.731400000004,negative,246.0,286.9977898869606,-0.26529480694183605,0.049915556389566525,core
UGC05253,2.79,-22466.8109,negative,246.0,288.06737215450136,-0.27074053838781215,0.05235503846875587,core
UGC05253,2.92,-22478.85210000002,negative,247.0,288.9426450006991,-0.2692469806634301,0.0547945205479452,core
UGC05253,3.04,-22884.268899999995,negative,247.0,289.64334775720295,-0.27277836708541936,0.0570463501595046,core
UGC05253,3.17,-23186.07090000001,negative,247.0,290.1638690464407,-0.2753851342145495,0.059485832238693935,core
UGC05253,3.3,-23365.2346,negative,247.0,290.47243345970026,-0.27692381105167385,0.06192531431788328,core
UGC05253,3.42,-23407.32250000001,negative,247.0,290.54487174961463,-0.2772843190367598,0.06417714392944267,core
UGC05253,3.55,-22853.22180000001,negative,248.0,290.4431472767089,-0.2709100811093806,0.06661662600863201,core
UGC05253,3.68,-22942.67740000001,negative,248.0,290.5971049408442,-0.2716824167199266,0.06905610808782135,core
UGC05253,3.8,-22899.953899999997,negative,248.0,290.52358578951896,-0.2713137577314373,0.07130793769938075,core
UGC05253,3.93,-22696.517599999992,negative,248.0,290.1732544532662,-0.26955318383933535,0.07374741977857009,core
UGC05253,4.06,-22444.656099999997,negative,248.0,289.7389447416415,-0.2673617082477632,0.07618690185775942,core
UGC05253,4.18,-22093.990099999995,negative,248.0,289.1331701828761,-0.2642885322191496,0.07843873146931882,core
UGC05253,4.31,-21651.482900000003,negative,248.0,288.36692407417326,-0.2603734852461545,0.08087821354850816,core
UGC05253,4.44,-21189.91010000001,negative,248.0,287.5654883674326,-0.2562451101220815,0.08331769562769752,core
UGC05253,4.56,-20706.732000000004,negative,248.0,286.7241392000332,-0.25187383077917364,0.08556952523925689,core
UGC05253,4.69,-20136.93640000001,negative,248.0,285.728781189435,-0.2466524428546364,0.08800900731844624,core
UGC05253,4.82,-19570.8505,negative,248.0,284.73645797473847,-0.24139237234856203,0.09044848939763558,core
UGC05253,4.94,-19016.321899999995,negative,248.0,283.76102956537216,-0.23616798158875707,0.09270031900919498,core
UGC05253,4.99,-18781.6259,negative,248.0,283.3471826223088,-0.2339350997075554,0.09363858134734472,core
UGC05253,5.07,-18395.5021,negative,248.0,282.6649997788902,-0.23023300041315278,0.09513980108838432,core
UGC05253,5.2,-17750.525800000003,negative,248.0,281.5218034184919,-0.22396860773344002,0.09757928316757365,core
UGC05253,5.45,-17026.77609999999,negative,247.0,279.348843026063,-0.21819192364000842,0.10227059485832239,core
UGC05253,5.58,-16322.453800000005,negative,247.0,278.0853354637745,-0.2110713428744566,0.10471007693751173,core
UGC05253,5.7,-15667.290500000005,negative,247.0,276.90484015271386,-0.2043303138145422,0.10696190654907113,core
UGC05253,5.83,-14855.813299999994,negative,247.0,275.4356790613736,-0.19581954602925244,0.10940138862826046,core
UGC05253,6.47,-11462.7166,negative,247.0,269.2057142781334,-0.15816813976226413,0.12141114655657721,core
UGC05253,6.59,-11464.642500000002,negative,246.0,268.2920843036559,-0.15927396730308432,0.12366297616813661,core
UGC05253,6.66,-11207.9571,negative,246.0,267.81328775846805,-0.15626518046645807,0.12497654344154627,core
UGC05253,6.72,-10962.5769,negative,246.0,267.3547772155942,-0.153368706757227,0.12610245824732594,core
UGC05253,6.85,-10537.262199999996,negative,246.0,266.5581778899308,-0.1483008925099008,0.12854194032651528,core
UGC05253,6.97,-10186.250100000005,negative,246.0,265.8989471585023,-0.14407250243935313,0.13079376993807468,core
UGC05253,7.1,-9844.220199999996,negative,246.0,265.2550097547641,-0.13991173097550932,0.13323325201726402,core
UGC05253,7.23,-9550.937399999995,negative,246.0,264.70160067517537,-0.13631161506996303,0.1356727340964534,core
UGC05253,8.32,-7151.530100000004,negative,246.0,260.1298331602894,-0.10568628837836071,0.15612685306811785,core
UGC05253,10.0,-2476.120999999999,negative,245.0,250.00224198994692,-0.03961722542544477,0.18765246762994933,core
UGC05253,11.61,1518.0286999999953,positive,245.0,241.88214340872707,0.025946116612602623,0.21786451491837117,inner_disk
UGC05253,13.35,8481.0717,positive,246.0,228.11165752762395,0.16298805392992155,0.25051604428598234,inner_disk
UGC05253,14.98,13169.372600000002,positive,245.0,216.4616072193866,0.28106277368937765,0.2811033965096641,inner_disk
UGC05253,16.61,17172.093499999995,positive,245.0,207.00943577528056,0.4007217923479704,0.31169074873334585,inner_disk
UGC05253,18.34,20130.148200000003,positive,245.0,199.7369565203195,0.5045800972244745,0.3441546256333271,inner_disk
UGC05253,19.97,22030.3186,positive,245.0,194.92224449764575,0.5798263806470557,0.3747419778570088,inner_disk
UGC05253,21.6,24039.20830000001,positive,245.0,189.6992137569368,0.6680194366822838,0.4053293300806906,mid_disk
UGC05253,23.33,25267.395000000004,positive,244.0,185.11781383756667,0.7373336323436572,0.43779320698067176,mid_disk
UGC05253,26.7,27772.80220000001,positive,243.0,176.8507783415159,0.8879852460838452,0.5010320885719647,mid_disk
UGC05253,29.95,28700.3055,positive,239.0,168.58438391499968,1.009838288786363,0.5620191405516982,mid_disk
UGC05253,33.32,27645.2078,positive,231.0,160.36144237315904,1.0750284333064408,0.6252580221429912,outer_disk
UGC05253,36.68,24487.2437,positive,219.0,153.21147574512818,1.04317533960255,0.6883092512666542,outer_disk
UGC05253,39.94,22590.9613,positive,210.0,146.65960145861573,1.0503008346904874,0.7494839557140176,outer_disk
UGC05253,43.3,24166.8547,positive,210.0,141.18479131974522,1.2123954517102724,0.8125351848376806,edge
UGC05253,46.67,26060.7059,positive,212.0,137.4164986455411,1.3800932063013305,0.8757740664289736,edge
UGC05253,49.92,27300.0936,positive,213.0,134.42063234488967,1.51088798600451,0.9367611184087071,edge
UGC05253,53.29,30671.42,positive,218.0,129.81748726577632,1.8199836464209043,1.0,edge
UGC05414,0.68,53.61469999999997,positive,20.5,19.147723102238555,0.1462344187807338,0.1654501216545012,core
UGC05414,1.37,223.6979,positive,34.6,31.20035416465653,0.22979620880977283,0.3333333333333333,inner_disk
UGC05414,2.05,795.2070000000001,positive,46.0,36.34271591392146,0.6020678486333589,0.49878345498783444,mid_disk
UGC05414,2.74,1159.8828,positive,51.8,39.03020881317444,0.7613990993051402,0.6666666666666666,outer_disk
UGC05414,3.42,1598.6403,positive,56.8,40.343521165113984,0.9822072958111261,0.8321167883211678,edge
UGC05414,4.11,2047.3131000000003,positive,61.4,41.50478165223857,1.1884693839462985,1.0,edge
UGC05716,1.03,1050.2443999999998,positive,39.15,21.96538413049041,2.1767711322026844,0.08326596604688764,core
UGC05716,2.07,1599.0119,positive,49.15,28.578148995342577,1.957868429771819,0.16734033953112368,core
UGC05716,3.09,2182.7519999999995,positive,55.05,29.11615530938108,2.5747575495384543,0.2497978981406629,inner_disk
UGC05716,4.13,2664.4749,positive,59.35,29.290742564844614,3.1056382697498077,0.33387227162489896,inner_disk
UGC05716,5.16,3168.1249000000003,positive,63.85,30.144611458766555,3.4864457658961583,0.4171382376717866,mid_disk
UGC05716,6.2,3702.0663,positive,68.2,30.80866274280661,3.900304338394542,0.5012126111560227,mid_disk
UGC05716,7.23,4109.043600000001,positive,71.7,32.12236603987944,3.9822240984704713,0.5844785772029103,mid_disk
UGC05716,8.26,4298.984,positive,73.5,33.21544821314323,3.8965979192687894,0.6677445432497979,outer_disk
UGC05716,9.28,4216.0568,positive,73.15,33.68776780969615,3.715027073247522,0.7502021018593371,outer_disk
UGC05716,10.34,4128.9795,positive,72.5,33.57484921782971,3.662811632168144,0.8358932902182701,edge
UGC05716,11.4,4256.5343,positive,73.0,32.748522104058374,3.968923481655404,0.921584478577203,edge
UGC05716,12.37,4592.4211000000005,positive,74.7,31.427200002545565,4.649757727513745,1.0,edge
UGC05721,0.09,-5.8197999999999865,negative,16.5,16.6754250320644,-0.02092927746918215,0.013353115727002967,core
UGC05721,0.27,430.6527000000001,positive,38.5,32.42834099981064,0.40952244742355287,0.040059347181008904,core
UGC05721,0.45,589.2069999999994,positive,47.4,40.713056873686114,0.35546796995329827,0.06676557863501484,core
UGC05721,0.63,1123.4800000000002,positive,55.5,44.23539306935115,0.574150257822841,0.09347181008902077,core
UGC05721,0.81,1137.1887000000002,positive,56.4,45.20808887798731,0.5564168065184203,0.1201780415430267,core
UGC05721,0.99,1528.1174999999994,positive,59.8,45.253977725720425,0.746179359814641,0.14688427299703263,core
UGC05721,1.17,2472.937899999999,positive,67.8,46.08581235044035,1.1643370473620223,0.17359050445103855,core
UGC05721,1.35,3766.314200000001,positive,76.4,45.50434924268228,1.8189079947908051,0.20029673590504452,inner_disk
UGC05721,1.53,4574.046,positive,81.2,44.93766794127172,2.2650587255384536,0.22700296735905043,inner_disk
UGC05721,1.71,4795.3052,positive,82.2,44.28921764944601,2.4446699594623555,0.25370919881305637,inner_disk
UGC05721,1.89,4969.489399999999,positive,82.6,43.049629498986405,2.6814699375255815,0.2804154302670623,inner_disk
UGC05721,2.07,5121.8315,positive,82.3,40.63814095157405,3.101398854406575,0.3071216617210682,inner_disk
UGC05721,2.25,5278.785899999999,positive,82.1,38.23119276193198,3.6115892588251644,0.33382789317507416,inner_disk
UGC05721,2.67,5336.670300000001,positive,81.4,35.906680436932625,4.1392328659726365,0.39614243323442133,inner_disk
UGC05721,3.15,5090.5203,positive,79.3,34.611698889248416,4.249289694054866,0.46735905044510384,mid_disk
UGC05721,3.61,5070.1731,positive,78.5,33.04658681316423,4.642688715419215,0.5356083086053413,mid_disk
UGC05721,4.04,5094.116300000001,positive,78.2,31.95502620872028,4.988735742790027,0.5994065281899109,mid_disk
UGC05721,4.49,5101.124299999999,positive,78.1,31.59882434521892,5.108860647678779,0.6661721068249258,outer_disk
UGC05721,4.93,5093.9355000000005,positive,78.2,31.957855059437264,4.987675565906153,0.731454005934718,outer_disk
UGC05721,5.38,5091.499399999999,positive,78.3,32.23958126278938,4.898542857709122,0.7982195845697329,outer_disk
UGC05721,5.86,5166.307999999999,positive,78.6,31.806477327739398,5.106803525322935,0.8694362017804155,edge
UGC05721,6.28,5250.364300000001,positive,78.9,31.22251911681695,5.385841369562384,0.9317507418397626,edge
UGC05721,6.74,5371.4794,positive,79.5,30.80212005690517,5.661515439032366,1.0,edge
UGC05750,0.31,-7.792499999999999,negative,3.1,4.17163037672323,-0.44778049130872005,0.013566739606126914,core
UGC05750,1.47,-53.39500000000007,negative,15.7,17.317187993435887,-0.17805158644146943,0.06433260393873085,core
UGC05750,2.52,267.3318,positive,28.0,22.73033655712119,0.5174148515430211,0.11028446389496717,core
UGC05750,3.35,602.9932,positive,36.0,26.325022317179524,0.8701115198292426,0.14660831509846828,core
UGC05750,4.09,1160.2967,positive,43.6,27.21512998315459,1.566564321466988,0.17899343544857765,core
UGC05750,4.82,1590.1174999999994,positive,49.8,29.831568849123578,1.786804468928473,0.21094091903719914,inner_disk
UGC05750,6.6,2285.4431000000004,positive,61.5,38.68858875689316,1.5268790516665849,0.28884026258205686,inner_disk
UGC05750,7.86,2798.8802,positive,68.1,42.88041277786397,1.5221813449697725,0.3439824945295405,inner_disk
UGC05750,9.43,3133.851,positive,73.4,47.473245096580456,1.3905304544641743,0.41269146608315094,mid_disk
UGC05750,11.43,3933.3003,positive,77.6,45.69966848895077,1.8833498678475817,0.5002188183807439,mid_disk
UGC05750,22.85,4153.734800000001,positive,78.9,45.51346174485083,2.00520614487685,1.0,edge
UGC05764,0.36,423.7031,positive,21.45,6.033191526878622,11.64038692945488,0.09944751381215469,core
UGC05764,0.73,838.6391000000001,positive,31.3,11.87648517028502,5.945648698448575,0.2016574585635359,inner_disk
UGC05764,1.09,1519.6564000000003,positive,41.7,14.806539095953518,6.931676531334613,0.3011049723756906,inner_disk
UGC05764,1.45,2047.2888000000005,positive,48.35,17.042115479012576,7.049074539214975,0.4005524861878453,mid_disk
UGC05764,1.81,2172.1126,positive,50.6,19.703994518878652,5.594661033145361,0.5,mid_disk
UGC05764,2.17,2449.986,positive,54.05,21.712127947301717,5.197073076568169,0.5994475138121547,mid_disk
UGC05764,2.54,2582.3063,positive,55.8,23.05067677965226,4.8600461442592495,0.7016574585635359,outer_disk
UGC05764,2.9,2417.294,positive,54.55,23.63066863209757,4.328899004939931,0.8011049723756906,edge
UGC05764,3.26,1964.6615,positive,50.0,23.137383170963822,3.6699424756485852,0.9005524861878452,edge
UGC05764,3.62,1979.9042,positive,49.9,22.585521911171323,3.8813599061214363,1.0,edge
UGC05829,0.63,158.072,positive,14.8,7.808200817089684,2.592704369505314,0.09117221418234443,core
UGC05829,1.26,555.3250999999999,positive,27.2,13.5836261727125,3.0096490852500253,0.18234442836468887,core
UGC05829,1.88,867.8627000000001,positive,34.1,17.1740298124814,2.9424331058463675,0.2720694645441389,inner_disk
UGC05829,2.52,1133.7095,positive,38.8,19.2803137941269,3.0498156594629706,0.36468885672937773,inner_disk
UGC05829,3.14,1292.5414999999998,positive,42.8,23.222801295278742,2.396708872730037,0.4544138929088278,mid_disk
UGC05829,3.77,1545.6299,positive,47.9,27.36384658632627,2.0641973524670325,0.5455861070911722,mid_disk
UGC05829,4.4,1804.685,positive,51.9,29.814845295590583,2.030188148606463,0.6367583212735167,outer_disk
UGC05829,5.03,2178.8720000000003,positive,57.6,33.74741471579712,1.913157395635041,0.7279305354558611,outer_disk
UGC05829,5.65,2276.7344000000003,positive,60.7,37.52006929631128,1.6172795902925194,0.8176555716353112,edge
UGC05829,6.29,2751.1019,positive,65.6,39.39870683157,1.772322463641838,0.91027496382055,edge
UGC05829,6.91,3099.8342999999986,positive,68.6,40.076498100507735,1.9300072839877966,1.0,edge
UGC05918,0.56,225.04999999999995,positive,16.9,7.782030583337488,3.716149273447819,0.12556053811659193,core
UGC05918,1.11,613.4334999999999,positive,27.4,11.718638999474296,4.466971050744031,0.24887892376681617,inner_disk
UGC05918,1.67,920.2388,positive,33.5,14.213064412715504,4.5553850479577385,0.37443946188340804,inner_disk
UGC05918,2.23,984.2079,positive,36.4,18.459471823429837,2.888339939797876,0.5,mid_disk
UGC05918,2.79,1173.3102,positive,39.8,20.266469845535507,2.856647362816138,0.625560538116592,outer_disk
UGC05918,3.34,1272.9791000000002,positive,41.2,20.602448883567217,2.999049146811874,0.7488789237668161,outer_disk
UGC05918,3.9,1319.6875000000002,positive,42.6,22.250224717966333,2.6656449307929653,0.874439461883408,edge
UGC05918,4.46,1448.0508,positive,44.5,23.069442992842287,2.72088120388005,1.0,edge
UGC05986,0.63,-187.6809000000003,negative,29.5,32.52584971987665,-0.17740374158652544,0.0669500531349628,core
UGC05986,1.26,620.6748000000002,positive,50.8,44.27149421467497,0.31667643894901826,0.1339001062699256,core
UGC05986,1.88,1760.8647000000003,positive,68.2,53.76221070603403,0.6092166301033641,0.19978746014877788,core
UGC05986,2.51,2728.2107000000005,positive,84.3,66.168567311073,0.6231239519141689,0.2667375132837407,inner_disk
UGC05986,3.13,4050.0874,positive,95.3,70.93660973009635,0.8048659195843818,0.332624867162593,inner_disk
UGC05986,3.77,6002.826799999999,positive,106.0,72.34067458905814,1.1470720670968804,0.40063761955366634,mid_disk
UGC05986,4.39,6958.1592,positive,112.0,74.73848272476502,1.245678036509741,0.46652497343251853,mid_disk
UGC05986,5.02,7535.121900000001,positive,115.0,75.43128064669192,1.3243028703901412,0.5334750265674814,mid_disk
UGC05986,5.65,8215.355899999999,positive,116.0,72.3922930980916,1.5676233194312885,0.6004250797024442,outer_disk
UGC05986,6.28,8688.009600000001,positive,116.0,69.05063649235971,1.8221533331946314,0.667375132837407,outer_disk
UGC05986,6.9,9071.3179,positive,116.0,66.21693212464619,2.0688655854890823,0.7332624867162594,outer_disk
UGC05986,7.54,9156.8056,positive,114.0,61.96123304131383,2.3850851626580822,0.8012752391073327,edge
UGC05986,8.16,9111.7911,positive,112.0,58.585056968479606,2.654789194212508,0.8671625929861849,edge
UGC05986,8.79,8695.567500000001,positive,109.0,56.43963589535283,2.7297917943638743,0.9341126461211476,edge
UGC05986,9.41,8319.6134,positive,107.0,55.94092062167014,2.658544457242835,1.0,edge
UGC05999,3.48,458.06870000000026,positive,46.2,40.94351352778606,0.2732501445234718,0.21454993834771888,inner_disk
UGC05999,6.94,4431.053099999999,positive,81.1,46.32663272891739,2.064645459984775,0.42786683107274975,mid_disk
UGC05999,10.42,5757.6875,positive,91.2,50.59399667944805,2.249314142675903,0.6424167694204685,outer_disk
UGC05999,13.89,7007.7012,positive,97.7,50.37448560531413,2.761559004358783,0.8563501849568435,edge
UGC05999,16.22,6673.4475,positive,100.0,57.67627328460119,2.006115189824901,1.0,edge
UGC06399,0.87,192.319,positive,24.8,20.560179960301905,0.45495492298702916,0.11082802547770701,core
UGC06399,1.74,1037.9654,positive,46.2,33.1130578473206,0.94663880038808,0.22165605095541402,inner_disk
UGC06399,2.61,2200.8479,positive,60.5,38.202121668828816,1.5080476449910547,0.332484076433121,inner_disk
UGC06399,3.5,2843.234299999999,positive,69.6,44.73170799332393,1.420959458914441,0.445859872611465,mid_disk
UGC06399,4.37,3771.7424,positive,77.5,47.27057858753159,1.6879523703566728,0.556687898089172,mid_disk
UGC06399,5.24,4488.607500000001,positive,82.9,48.82419994224176,1.8829611513537718,0.667515923566879,outer_disk
UGC06399,6.11,4624.353499999999,positive,84.1,49.48188052206585,1.8886810935787504,0.778343949044586,outer_disk
UGC06399,6.98,4879.437499999998,positive,85.6,49.47648431325735,1.9932973776743328,0.8891719745222931,edge
UGC06399,7.85,5355.036,positive,87.6,48.1531307393403,2.3094753838749247,1.0,edge
UGC06446,0.58,523.8675000000001,positive,31.3,21.35,1.149279598966703,0.05675146771037181,core
UGC06446,1.16,2133.4679,positive,54.8,29.4885079310568,2.4534686657955107,0.11350293542074362,core
UGC06446,1.74,2746.3776,positive,61.1,31.413888648175988,2.7830233381068554,0.17025440313111545,core
UGC06446,2.33,3015.8314,positive,63.9,32.670760627815206,2.8254561221294856,0.22798434442270057,inner_disk
UGC06446,2.91,3309.7886,positive,67.2,34.72825074777018,2.7443180282366066,0.2847358121330724,inner_disk
UGC06446,3.49,3648.8070000000007,positive,70.4,36.15733673820571,2.7909883558610415,0.34148727984344424,inner_disk
UGC06446,4.07,4163.671400000001,positive,73.7,35.60924879859164,3.283604357223151,0.39823874755381605,inner_disk
UGC06446,4.65,4749.115,positive,78.0,36.53607805991223,3.5576959813017606,0.45499021526418787,mid_disk
UGC06446,5.23,5094.398999999999,positive,80.8,37.871374413929054,3.551982546866251,0.5117416829745597,mid_disk
UGC06446,5.81,4988.6395,positive,80.5,38.62137361617269,3.3444652608707166,0.5684931506849314,mid_disk
UGC06446,6.4,5012.584999999999,positive,81.3,39.96379611598478,3.1385444288259063,0.6262230919765166,outer_disk
UGC06446,6.98,5050.511499999999,positive,82.1,41.10837505910444,2.9886478389086673,0.6829745596868885,outer_disk
UGC06446,7.62,5050.2611,positive,82.8,42.49210397238527,2.79703152268782,0.7455968688845401,outer_disk
UGC06446,8.28,5425.040300000001,positive,84.9,42.22522587269368,3.042699099149022,0.8101761252446182,edge
UGC06446,8.9,5531.135499999999,positive,84.3,39.69073569486965,3.5110418004328547,0.8708414872798435,edge
UGC06446,9.52,5366.1203000000005,positive,83.2,39.44768307518199,3.4483981534325423,0.9315068493150684,edge
UGC06446,10.22,4854.2992,positive,80.1,39.51848681313595,3.108321463871544,1.0,edge
UGC06614,3.23,-25559.8934,negative,194.0,251.3879340779903,-0.40445497365181643,0.05000774113639882,core
UGC06614,9.18,-8863.981900000006,negative,172.0,196.0815695061624,-0.23054478966033867,0.14212726428239664,core
UGC06614,10.64,-6845.3681,negative,170.0,189.06445488245532,-0.19150363987998775,0.16473138256696082,core
UGC06614,11.58,-6031.5541000000085,negative,170.0,186.8998504547289,-0.17266778577137523,0.17928471899674872,core
UGC06614,12.52,-5588.560799999999,negative,171.0,186.62679550375395,-0.16045452976254582,0.1938380554265366,core
UGC06614,13.57,-6439.081699999995,negative,172.0,189.79747548373768,-0.17874877428934663,0.21009444186406565,inner_disk
UGC06614,15.76,-5527.3038000000015,negative,174.0,189.2176096456141,-0.15437971397488753,0.24400061929091188,inner_disk
UGC06614,24.94,12896.537300000004,positive,193.0,156.05275614355548,0.5295783616989179,0.3861278835733086,inner_disk
UGC06614,26.3,14546.5699,positive,194.0,151.9520651389773,0.6300099152295664,0.40718377457810806,mid_disk
UGC06614,34.96,22426.7731,positive,201.0,134.0679935704268,1.2477183705742578,0.5412602570057284,mid_disk
UGC06614,36.84,23720.1255,positive,202.0,130.70529637317685,1.3884511677956894,0.5703669298653042,mid_disk
UGC06614,47.38,27343.2206,positive,205.0,121.1683927433223,1.8623914618959607,0.7335500851525004,outer_disk
UGC06614,64.59,29420.197,positive,204.0,110.43460961129894,2.4123214354971134,1.0,edge
UGC06628,1.1,-130.57530000000008,negative,26.9,29.22644863817703,-0.15286530920164523,0.14304291287386217,core
UGC06628,2.2,52.63680000000022,positive,38.0,37.30098122033789,0.03783109974448098,0.28608582574772434,inner_disk
UGC06628,3.3,-213.09479999999985,negative,40.5,43.05049128639533,-0.11497849725534064,0.42912873862158646,mid_disk
UGC06628,4.39,-579.6721,negative,41.4,47.89187926987205,-0.2527310722587114,0.5708712613784135,mid_disk
UGC06628,5.5,-745.5158000000004,negative,42.3,50.34685491666784,-0.29411160413156706,0.7152145643693107,outer_disk
UGC06628,6.59,-1144.8053000000002,negative,42.3,54.16728994513201,-0.39017318217305363,0.8569570871261378,edge
UGC06628,7.69,-1380.6697000000006,negative,42.3,56.30239515331475,-0.43554802920680685,1.0,edge
UGC06667,0.87,659.6736000000001,positive,26.6,6.92,13.775802733135087,0.11082802547770701,core
UGC06667,1.74,1922.9184,positive,45.2,10.96,16.008098460226968,0.22165605095541402,inner_disk
UGC06667,2.61,2968.8286,positive,57.0,16.738321301731546,10.596472730621326,0.332484076433121,inner_disk
UGC06667,3.5,4262.998,positive,69.3,23.22696708569589,7.901874355875524,0.445859872611465,mid_disk
UGC06667,4.37,5298.1572,positive,77.3,26.021775496687383,7.8243989952930955,0.556687898089172,mid_disk
UGC06667,5.24,5609.481500000001,positive,80.7,30.05009983344481,6.211991913697381,0.667515923566879,outer_disk
UGC06667,6.11,6047.9703,positive,84.0,31.749483460365145,5.99979375607683,0.778343949044586,outer_disk
UGC06667,6.98,6052.6951,positive,85.0,34.23893835970969,5.163072422541269,0.8891719745222931,edge
UGC06667,7.85,6170.198400000001,positive,85.7,34.26793836810146,5.254400525389094,1.0,edge
UGC06786,0.16,11255.5266,positive,160.0,119.76841570297238,0.784659449401607,0.004698972099853158,core
UGC06786,0.32,-2831.410100000001,negative,177.0,184.82535026343112,-0.08288571746391303,0.009397944199706316,core
UGC06786,0.49,-8820.45169999999,negative,180.0,203.028204198333,-0.2139824125216947,0.014390602055800294,core
UGC06786,0.65,-11633.381199999989,negative,180.0,209.8413238616264,-0.26419459244251714,0.019089574155653453,core
UGC06786,1.3,-11230.706200000008,negative,182.0,210.60557020173997,-0.25320213258452384,0.03817914831130691,core
UGC06786,1.46,-10255.518799999998,negative,183.0,209.1519036489986,-0.23444123015475943,0.04287812041116006,core
UGC06786,1.62,-9302.303800000009,negative,184.0,207.74576722523136,-0.2155391426666774,0.047577092511013226,core
UGC06786,3.72,4653.477500000008,positive,206.0,194.3772684755087,0.12316481780696377,0.10925110132158591,core
UGC06786,3.89,4889.882699999995,positive,207.0,194.830996763862,0.128819715731377,0.1142437591776799,core
UGC06786,4.05,5525.245900000002,positive,209.0,195.3349792023948,0.14480767135460704,0.11894273127753305,core
UGC06786,4.22,5500.761899999998,positive,210.0,196.4668880498696,0.14250959787726997,0.12393538913362702,core
UGC06786,4.26,5366.2221999999965,positive,210.0,196.80898810775892,0.13854115205875936,0.12511013215859032,core
UGC06786,4.38,5347.784599999999,positive,211.0,197.92224584416985,0.1365163555095862,0.12863436123348018,core
UGC06786,4.54,5438.486700000001,positive,213.0,199.82620774062644,0.13619876757256716,0.13333333333333336,core
UGC06786,4.71,4806.597499999996,positive,214.0,202.45839696095592,0.11726439535194483,0.13832599118942732,core
UGC06786,4.86,4300.082899999994,positive,215.0,204.75574985821524,0.10256628271305497,0.14273127753303966,core
UGC06786,5.02,3443.6300000000047,positive,215.0,206.8365780030215,0.08049368217988356,0.1474302496328928,core
UGC06786,5.18,3290.4205999999976,positive,216.0,208.2440380899295,0.07587632047180713,0.15212922173274596,core
UGC06786,5.35,3288.6263999999937,positive,217.0,209.28538792758565,0.07508215409377222,0.15712187958883994,core
UGC06786,5.51,3097.3386000000028,positive,217.0,209.7418923343641,0.0704074022537372,0.16182085168869312,core
UGC06786,5.68,3579.884299999998,positive,218.0,209.6285183366042,0.08146447466230383,0.16681350954478708,core
UGC06786,5.84,3726.8501000000033,positive,218.0,209.27768610150488,0.08509343892260904,0.17151248164464025,core
UGC06786,6.0,4356.659500000002,positive,219.0,208.8165235320232,0.09991343636994122,0.1762114537444934,core
UGC06786,6.15,4508.561399999999,positive,219.0,208.45248523344597,0.10375853566018267,0.18061674008810574,core
UGC06786,6.48,4812.153400000003,positive,219.0,207.72300450359367,0.11152449669419444,0.1903083700440529,core
UGC06786,6.64,5040.764199999998,positive,219.0,207.1719956943988,0.11744493258352508,0.19500734214390603,core
UGC06786,6.81,5790.399100000002,positive,220.0,206.42093135144992,0.13589423457847974,0.2,core
UGC06786,7.1,6408.165400000005,positive,220.0,204.9190928147009,0.15260503526559438,0.20851688693098386,inner_disk
UGC06786,7.13,6495.9523000000045,positive,220.0,204.704781820064,0.15501968560426213,0.20939794419970634,inner_disk
UGC06786,8.52,12157.452200000009,positive,220.0,190.37475620470272,0.33544695221454623,0.25022026431718064,inner_disk
UGC06786,10.66,19859.803000000004,positive,225.0,175.40010547317237,0.6455282246364296,0.31306901615271665,inner_disk
UGC06786,11.99,23544.010200000004,positive,228.0,168.64160162901678,0.8278487568233942,0.352129221732746,inner_disk
UGC06786,12.1,23716.0268,positive,228.0,168.13082168359256,0.8389716033832947,0.35535976505139505,inner_disk
UGC06786,12.33,24072.5934,positive,228.0,167.0670721596569,0.8624643589262891,0.36211453744493394,inner_disk
UGC06786,12.78,25182.8165,positive,229.0,165.1005254382917,0.9238626080861184,0.37533039647577093,inner_disk
UGC06786,14.93,27649.3716,positive,228.0,155.9956037842093,1.1362150736602161,0.4384728340675478,mid_disk
UGC06786,17.08,29405.4794,positive,226.0,147.20910501731882,1.3569346091297871,0.5016152716593245,mid_disk
UGC06786,19.23,31697.7767,positive,226.0,139.20568702463274,1.6357421528938616,0.5647577092511014,mid_disk
UGC06786,21.27,34125.8535,positive,227.0,131.92098582105882,1.960901351948051,0.6246696035242291,outer_disk
UGC06786,23.42,35626.6387,positive,227.0,126.10456494512798,2.2403363895398356,0.687812041116006,outer_disk
UGC06786,25.57,35713.838599999995,positive,224.0,120.25872691825738,2.4694675721154646,0.7509544787077828,outer_disk
UGC06786,27.72,34372.0885,positive,218.0,114.68178364500616,2.6134671374575467,0.8140969162995595,edge
UGC06786,29.87,34115.6119,positive,215.0,110.04266490775294,2.817286193015814,0.8772393538913363,edge
UGC06786,32.02,36733.2898,positive,219.0,105.96088995473755,3.271663513367133,0.9403817914831133,edge
UGC06786,34.05,33993.8024,positive,211.0,102.602132531444,3.229140716423904,1.0,edge
UGC06787,0.12,-14165.9989,negative,134.0,179.22611109991757,-0.44100614485731776,0.0032266738370529714,core
UGC06787,0.24,-34455.63250000001,negative,208.0,278.78241067183563,-0.44333241668377676,0.006453347674105943,core
UGC06787,0.35,-32713.069399999997,negative,252.0,310.1887641420946,-0.3399923693788994,0.009411132024737832,core
UGC06787,0.47,-29954.47219999999,negative,272.0,322.3949010142685,-0.2881942707639683,0.012637805861790804,core
UGC06787,0.59,-29674.098199999997,negative,276.0,325.3461206161832,-0.28034077156859916,0.015864479698843775,core
UGC06787,0.71,-32557.679499999984,negative,271.0,325.57438397392383,-0.30715174616868685,0.019091153535896747,core
UGC06787,0.83,-33882.17140000001,negative,266.0,323.4782394535991,-0.32380316806644815,0.022317827372949718,core
UGC06787,0.94,-34240.43209999999,negative,262.0,320.7560320555172,-0.332804792728209,0.025275611723581608,core
UGC06787,1.06,-34516.03180000001,negative,260.0,319.5559916509156,-0.33800796203677,0.028502285560634583,core
UGC06787,1.18,-34069.40269999999,negative,260.0,318.8563982422181,-0.3350998608748588,0.03172895939768755,core
UGC06787,1.3,-33900.82429999999,negative,259.0,317.7763746725046,-0.3357121396350134,0.034955633234740525,core
UGC06787,1.42,-34204.937900000004,negative,257.0,316.6290225168881,-0.34118298608996583,0.03818230707179349,core
UGC06787,1.53,-34697.13380000001,negative,254.0,314.9811641987501,-0.3497231915881688,0.04114009142242538,core
UGC06787,1.66,-38475.12460000001,negative,244.0,313.0672844613439,-0.3925587504176032,0.044635654745899436,core
UGC06787,1.89,-43347.7769,negative,228.0,308.7584442569952,-0.4547043840950372,0.0508201129335843,core
UGC06787,2.01,-45274.50899999999,negative,220.0,306.06291673445185,-0.4833172811186017,0.05404678677063727,core
UGC06787,2.13,-45697.76449999999,negative,215.0,303.18767207787323,-0.49713218209402305,0.05727346060769024,core
UGC06787,2.24,-44880.1397,negative,213.0,300.4149458665464,-0.49729160686946683,0.06023124495832214,core
UGC06787,3.1,-25823.3403,negative,228.0,278.93967143452363,-0.3318882280313597,0.0833557407905351,core
UGC06787,3.79,-13277.060500000009,negative,236.0,262.6272272632828,-0.19249632253160653,0.10190911535358968,core
UGC06787,3.9,-12002.325299999997,negative,236.0,260.1890184077721,-0.17729131772185808,0.10486689970422157,core
UGC06787,4.14,-9111.423500000004,negative,237.0,255.50033953010708,-0.13957359666945182,0.1113202473783275,core
UGC06787,4.25,-8057.9133,negative,237.0,253.43029278284789,-0.12546007407147183,0.11427803172895941,core
UGC06787,4.37,-6981.709900000002,negative,237.0,251.29804993274425,-0.11055631696073774,0.11750470556601238,core
UGC06787,4.49,-5983.379399999998,negative,237.0,249.3037893815495,-0.09626951466318276,0.12073137940306536,core
UGC06787,4.61,-5041.87019999999,negative,237.0,247.40830665117124,-0.08236886983514885,0.12395805324011833,core
UGC06787,4.72,-4711.837699999989,negative,236.0,245.7800596061446,-0.07800043635728399,0.1269158375907502,core
UGC06787,5.16,-2560.787800000005,negative,235.0,240.3867463068628,-0.04431518367220399,0.1387469749932778,core
UGC06787,5.43,-1773.5363999999972,negative,234.0,237.75940864664008,-0.031373623647831604,0.14600699112664695,core
UGC06787,5.56,-1698.308100000002,negative,233.0,236.6163732711665,-0.03033380524326373,0.149502554450121,core
UGC06787,5.67,-1245.207399999999,negative,233.0,235.65696976749916,-0.022422349364438734,0.1524603388007529,core
UGC06787,5.79,-750.6233999999968,negative,233.0,234.60525015438165,-0.013637873110883185,0.15568701263780588,core
UGC06787,5.91,-613.5779000000039,negative,232.0,233.31861884556065,-0.011271219691793153,0.15891368647485885,core
UGC06787,6.03,-67.2720999999874,negative,232.0,232.1449377005667,-0.0012482930422417588,0.1621403603119118,core
UGC06787,6.2,664.3218999999954,positive,232.0,230.56382652098748,0.012496725408124609,0.1667114815810702,core
UGC06787,6.5,2374.548299999995,positive,233.0,227.84743075136925,0.04573963939216553,0.17477816617370262,core
UGC06787,6.85,4559.608299999993,positive,235.0,225.08974143661013,0.08999453368481493,0.18418929819844043,core
UGC06787,6.98,5445.485800000002,positive,236.0,224.1662646340881,0.10836676771757295,0.18768486152191452,core
UGC06787,7.09,5757.94539999999,positive,236.0,223.46824069652496,0.11530175626825456,0.1906426458725464,core
UGC06787,7.21,6537.686300000001,positive,237.0,222.78086475278795,0.1317250302806311,0.19386931970959936,core
UGC06787,7.22,7032.688300000009,positive,238.0,222.73596858163705,0.14175574196720964,0.19413820919602043,core
UGC06787,7.33,7291.565300000002,positive,238.0,222.15407873815863,0.14774479403748655,0.19709599354665233,core
UGC06787,7.45,8052.813500000011,positive,239.0,221.5134002718571,0.16411475692096372,0.20032266738370533,inner_disk
UGC06787,7.56,8818.113899999997,positive,240.0,220.86621765222492,0.18076615327917792,0.2032804517343372,inner_disk
UGC06787,8.26,14760.211799999995,positive,247.0,215.05531427983823,0.3191480766192269,0.22210271578381285,inner_disk
UGC06787,8.98,20092.797999999995,positive,252.0,208.35355048570688,0.46284822981865353,0.24146275880613072,inner_disk
UGC06787,9.09,21008.848699999995,positive,253.0,207.3647783496513,0.4885761576378452,0.2444205431567626,inner_disk
UGC06787,9.3,22294.815800000004,positive,254.0,205.47794090850724,0.5280480929760376,0.2500672223716053,inner_disk
UGC06787,10.32,25455.0751,positive,253.0,196.35153398942415,0.6602460103873887,0.2774939499865556,inner_disk
UGC06787,11.38,25213.169500000004,positive,247.0,189.19786071729249,0.7043605120434349,0.30599623554719013,inner_disk
UGC06787,12.4,23181.145399999998,positive,238.0,182.92855053271484,0.6927426149710489,0.3334229631621404,inner_disk
UGC06787,13.41,20791.1727,positive,229.0,177.90398337305436,0.656912674528243,0.36058080129066955,inner_disk
UGC06787,14.43,19791.4695,positive,223.0,173.02465286773443,0.6610922534174954,0.3880075289056198,inner_disk
UGC06787,15.44,20039.3338,positive,220.0,168.4062534468361,0.7065889658120937,0.41516536703414897,mid_disk
UGC06787,16.57,21601.4043,positive,220.0,163.70276631749385,0.8060647857006924,0.44554987899973114,mid_disk
UGC06787,17.58,24593.0486,positive,224.0,159.9467142519658,0.9613061532845658,0.47270771712826026,mid_disk
UGC06787,18.6,27574.5782,positive,228.0,156.23514905423812,1.1296694541121821,0.5001344447432106,mid_disk
UGC06787,19.61,31491.7135,positive,234.0,152.52634690439552,1.3536505192196628,0.5272922828717397,mid_disk
UGC06787,20.62,34816.857,positive,239.0,149.34571637646658,1.5610040251266324,0.5544501210002689,mid_disk
UGC06787,21.64,37533.582,positive,243.0,146.6813485075727,1.7444969928076697,0.5818768486152192,mid_disk
UGC06787,22.77,39228.8484,positive,245.0,144.2087084749045,1.886351338196631,0.6122613605808013,outer_disk
UGC06787,23.78,40780.5331,positive,247.0,142.22681498226697,2.0159972232003405,0.6394191987093305,outer_disk
UGC06787,24.79,42378.789,positive,249.0,140.0793025396686,2.1597356689314977,0.6665770368378596,outer_disk
UGC06787,25.81,43555.3894,positive,250.0,137.63942240506532,2.299091299348217,0.6940037644528099,outer_disk
UGC06787,26.82,44701.5814,positive,251.0,135.27534365138388,2.442786974663774,0.7211616025813391,outer_disk
UGC06787,27.84,45292.6259,positive,251.0,133.0728150299677,2.557695339178542,0.7485883301962893,outer_disk
UGC06787,29.41,44705.0984,positive,248.0,129.61057672890743,2.6611917531560514,0.7908039795643991,outer_disk
UGC06787,30.99,44666.791,positive,246.0,125.8936416186298,2.818234714426443,0.8332885184189298,edge
UGC06787,32.57,46989.4231,positive,249.0,122.5217405197951,3.130212329658718,0.8757730572734607,edge
UGC06787,34.03,49115.2939,positive,252.0,119.95293285284858,3.4134614717024485,0.9150309222909385,edge
UGC06787,37.19,52009.240600000005,positive,255.0,114.0866311186372,3.9958667797746794,1.0,edge
UGC06818,0.87,-215.19050000000016,negative,23.4,27.61793801137225,-0.2821243643891418,0.12464183381088824,core
UGC06818,1.74,-731.8033,negative,28.0,38.93331863584198,-0.48278249559161135,0.24928366762177648,inner_disk
UGC06818,2.61,-371.9589000000001,negative,36.7,41.45900264116348,-0.216399998859702,0.37392550143266473,inner_disk
UGC06818,3.5,438.6300000000001,positive,47.6,42.74494122115505,0.24006502000405008,0.501432664756447,mid_disk
UGC06818,4.37,2210.7519999999995,positive,63.3,42.38086832522429,1.2308363833959306,0.6260744985673352,outer_disk
UGC06818,5.24,3227.8550000000005,positive,71.2,42.91369245357477,1.752759172126185,0.7507163323782234,outer_disk
UGC06818,6.11,2887.2298,positive,68.1,41.83754533908508,1.649487237115685,0.8753581661891118,edge
UGC06818,6.98,3890.5694,positive,74.4,40.556018049113256,2.3653888829374385,1.0,edge
UGC06917,1.74,340.5775000000003,positive,59.2,56.25,0.1076393086419754,0.166189111747851,core
UGC06917,2.61,1577.8119000000002,positive,71.2,59.09,0.45188429432103605,0.24928366762177648,inner_disk
UGC06917,3.5,3289.9316,positive,84.5,62.05093391722642,0.8544570236061515,0.3342884431709646,inner_disk
UGC06917,4.37,4465.8215,positive,93.5,65.39440725322005,1.0442876573290074,0.4173829990448901,mid_disk
UGC06917,5.24,5041.413500000001,positive,97.5,66.8194320538569,1.1291373155545565,0.5004775549188156,mid_disk
UGC06917,6.11,5428.2819,positive,100.0,67.61448143704128,1.1873614648287263,0.5835721107927412,mid_disk
UGC06917,6.98,5460.963,positive,101.0,68.84792662092302,1.1520929056039013,0.6666666666666666,outer_disk
UGC06917,7.85,5886.348300000001,positive,103.0,68.72155193241782,1.2464074579118338,0.7497612225405921,outer_disk
UGC06917,8.72,6340.3875,positive,105.0,68.44422912123417,1.3534497250306188,0.8328557784145176,edge
UGC06917,9.6,7344.72,positive,110.0,68.9585382675706,1.5445399639979143,0.9169054441260744,edge
UGC06917,10.47,7339.5043,positive,111.0,70.57971167410646,1.4733535351641474,1.0,edge
UGC06923,0.93,-1009.9072,negative,40.5,51.479677543667655,-0.3810744509797381,0.1802325581395349,core
UGC06923,1.94,-409.3356999999992,negative,53.9,57.57209132904588,-0.12349677363024415,0.375968992248062,inner_disk
UGC06923,2.87,1702.0347000000002,positive,73.0,60.22429161061174,0.4692723969540046,0.5562015503875969,mid_disk
UGC06923,3.72,2405.687600000001,positive,78.4,61.16267162248556,0.6430819720020391,0.7209302325581396,outer_disk
UGC06923,4.47,2597.1171000000004,positive,79.3,60.75666959272866,0.7035640046011067,0.8662790697674417,edge
UGC06923,5.16,2935.8031999999985,positive,81.1,60.34407013120677,0.806227746924622,1.0,edge
UGC06930,1.74,223.2256000000002,positive,54.7,52.62,0.08061991045859819,0.10475617098133655,core
UGC06930,3.5,3671.6999,positive,85.4,60.17856844425597,1.0138728022987191,0.21071643588199881,inner_disk
UGC06930,5.24,4552.112299999999,positive,93.8,65.16385270991886,1.0720115407013924,0.31547260686333534,inner_disk
UGC06930,6.98,4830.541,positive,98.7,70.07959046683992,0.9835867329620828,0.42022877784467194,mid_disk
UGC06930,8.72,5230.317400000001,positive,103.0,73.33950231628245,0.9724160708051452,0.5249849488260084,mid_disk
UGC06930,10.47,5749.664000000001,positive,107.0,75.49394677720856,1.0088305023602753,0.6303431667670079,outer_disk
UGC06930,12.19,6169.865100000001,positive,109.0,75.57205105063643,1.0803220739891823,0.7338952438290186,outer_disk
UGC06930,13.94,6290.0927,positive,108.0,73.30693896214737,1.1704877566458953,0.839253461770018,edge
UGC06930,15.68,7076.853499999999,positive,108.0,67.72847628582826,1.5427572457081973,0.9440096327513546,edge
UGC06930,16.61,7392.7096,positive,108.0,65.35510997619085,1.730790676279,1.0,edge
UGC06973,1.74,-98751.1322,negative,170.0,357.2829861608302,-0.7736016946976989,0.22165605095541402,inner_disk
UGC06973,2.61,-62346.3406,negative,174.0,304.339186763716,-0.6731242181543402,0.332484076433121,inner_disk
UGC06973,3.5,-43700.7916,negative,170.0,269.4453406537215,-0.6019327150146389,0.445859872611465,mid_disk
UGC06973,4.37,-28738.84780000001,negative,170.0,240.08091927514772,-0.498602052208268,0.556687898089172,mid_disk
UGC06973,5.32,-18827.5566,negative,171.0,219.24542549389716,-0.3916813387319393,0.6777070063694268,outer_disk
UGC06973,6.28,-10559.917399999998,negative,174.0,202.07898802201083,-0.25859385737713336,0.8,outer_disk
UGC06973,6.81,-6080.921999999999,negative,177.0,193.4164470772845,-0.1625483741986952,0.867515923566879,edge
UGC06973,7.33,-2755.0390000000043,negative,178.0,185.57758215905284,-0.07999755742313262,0.9337579617834395,edge
UGC06973,7.85,417.5802999999978,positive,180.0,178.83629301682586,0.013056557443650764,1.0,edge
UGC06983,1.74,-72.0909000000006,negative,56.9,57.53,-0.021781696346035558,0.11096938775510204,core
UGC06983,2.61,3648.311100000001,positive,87.4,63.17,0.9142608241393595,0.16645408163265304,core
UGC06983,3.5,4749.2,positive,92.1,61.1,1.2721491692136258,0.22321428571428573,inner_disk
UGC06983,4.37,5184.553800000001,positive,93.5,59.64642654845301,1.4572783926856938,0.27869897959183676,inner_disk
UGC06983,5.24,6045.3104,positive,98.2,59.98274418530716,1.6802192016208435,0.33418367346938777,inner_disk
UGC06983,6.11,6398.916800000001,positive,99.7,59.50775747749196,1.8070047519844556,0.3896683673469388,inner_disk
UGC06983,6.98,6697.2467,positive,102.0,60.88311177986881,1.8067689317225395,0.44515306122448983,mid_disk
UGC06983,7.85,7476.5075,positive,107.0,63.0277121590178,1.8820696326047182,0.5006377551020408,mid_disk
UGC06983,8.72,7803.1087,positive,108.0,62.13607084455856,2.021064073987268,0.5561224489795918,mid_disk
UGC06983,9.6,8320.8875,positive,110.0,61.47448657776655,2.201809948764426,0.6122448979591837,outer_disk
UGC06983,10.47,8856.395,positive,113.0,62.55081933915814,2.263554588311368,0.6677295918367347,outer_disk
UGC06983,11.35,8178.9875,positive,110.0,62.61798862946653,2.085937624529379,0.7238520408163265,outer_disk
UGC06983,12.19,7836.1335,positive,108.0,61.86975432309393,2.04712821097601,0.7774234693877551,outer_disk
UGC06983,13.12,8143.5407,positive,109.0,61.13476343292743,2.1788974932783876,0.836734693877551,edge
UGC06983,13.94,8105.273099999999,positive,108.0,59.65506600448951,2.2775765962822265,0.889030612244898,edge
UGC06983,14.86,8297.5867,positive,108.0,58.02080058048148,2.4648152085188118,0.9477040816326531,edge
UGC06983,15.68,8674.591799999998,positive,109.0,56.62515518742532,2.705392220491451,1.0,edge
UGC07089,0.87,49.45989999999989,positive,20.9,19.68121185293223,0.12768784621457407,0.09497816593886463,core
UGC07089,1.74,164.17579999999975,positive,36.4,34.07028323921009,0.1414352469649395,0.18995633187772926,core
UGC07089,2.61,-55.64740000000006,negative,43.4,44.03643264389158,-0.028695950727085747,0.28493449781659386,inner_disk
UGC07089,3.5,242.26470000000015,positive,51.2,48.7767905873275,0.10182717515602996,0.38209606986899564,inner_disk
UGC07089,4.37,845.7242000000001,positive,59.7,52.13794971035973,0.3111149353041449,0.4770742358078603,mid_disk
UGC07089,5.24,1250.9838999999995,positive,64.5,53.93761303580276,0.4299998202295759,0.5720524017467249,mid_disk
UGC07089,6.11,1681.6487000000006,positive,67.9,54.11803119109194,0.5741842805694001,0.6670305676855895,outer_disk
UGC07089,6.55,2371.0842999999995,positive,72.8,54.11797945230401,0.8095876006318998,0.715065502183406,outer_disk
UGC07089,6.98,2015.697,positive,70.3,54.096145888593576,0.688799146252742,0.7620087336244542,outer_disk
UGC07089,7.85,2534.3376000000007,positive,73.7,53.82706010920529,0.8747080955702872,0.8569868995633187,edge
UGC07089,8.72,3188.5116,positive,77.6,53.22826692651189,1.1253907705374508,0.9519650655021835,edge
UGC07089,9.16,3489.5999999999995,positive,79.1,52.60427739262274,1.2610535521337374,1.0,edge
UGC07125,1.44,-162.07449999999994,negative,26.1,29.03936121886981,-0.1921943306203303,0.07708779443254818,core
UGC07125,2.88,202.328,positive,43.0,40.57920649790974,0.12287085709843856,0.15417558886509636,core
UGC07125,4.33,540.6635000000001,positive,48.5,42.56273604927202,0.29844752099885935,0.23179871520342613,inner_disk
UGC07125,5.76,889.5200000000004,positive,52.5,43.20567092408125,0.4765124040434346,0.3083511777301927,inner_disk
UGC07125,7.2,1451.8675000000003,positive,56.4,41.58235803799491,0.8396702316388513,0.3854389721627409,inner_disk
UGC07125,8.64,1580.141,positive,58.5,42.91979729681863,0.8577890884849921,0.46252676659528913,mid_disk
UGC07125,10.08,1811.9556,positive,61.5,44.38799837793995,0.9196369841989097,0.5396145610278372,mid_disk
UGC07125,11.47,2086.5099999999998,positive,64.6,45.67986427300326,0.9999329068123548,0.6140256959314776,outer_disk
UGC07125,13.0,1800.1495999999995,positive,65.6,50.03209369994424,0.7191363538598271,0.69593147751606,outer_disk
UGC07125,14.42,1780.0078000000008,positive,65.4,49.97151388541276,0.7128151019389208,0.771948608137045,outer_disk
UGC07125,15.84,1994.349,positive,65.5,47.915561146667166,0.8686563575694247,0.8479657387580299,edge
UGC07125,17.26,1959.1090999999992,positive,65.1,47.7378350996356,0.8596727922657796,0.9239828693790151,edge
UGC07125,18.68,2340.695900000001,positive,64.9,43.25868814469528,1.2508300450469545,1.0,edge
UGC07151,0.5,-29.164199999999937,negative,24.2,24.795245511992817,-0.047436565983121036,0.09090909090909091,core
UGC07151,1.0,203.7909999999997,positive,42.0,39.49948100924872,0.13061775697999417,0.18181818181818182,core
UGC07151,1.5,1390.779,positive,59.4,46.23398100964268,0.6506321865697721,0.2727272727272727,inner_disk
UGC07151,2.0,1568.034,positive,63.9,50.15153038542294,0.6234291357741963,0.36363636363636365,inner_disk
UGC07151,2.49,1717.1158999999998,positive,66.0,51.37007007976532,0.6506977324240953,0.45272727272727276,mid_disk
UGC07151,3.0,1824.7315,positive,67.2,51.87589517299919,0.6780594316431312,0.5454545454545454,mid_disk
UGC07151,3.49,2126.3435000000004,positive,68.7,50.924910407383145,0.8199226366395699,0.6345454545454546,outer_disk
UGC07151,4.0,2353.378,positive,71.3,52.252387505261424,0.8619447154757405,0.7272727272727273,outer_disk
UGC07151,4.49,2415.3859999999995,positive,72.5,53.29975609700293,0.8502293668405102,0.8163636363636364,edge
UGC07151,5.01,2491.9163000000003,positive,74.0,54.62676724830053,0.8350691704793671,0.9109090909090909,edge
UGC07151,5.5,2716.8844000000004,positive,76.2,55.583771012769546,0.8793770858177792,1.0,edge
UGC07232,0.21,15.39259999999996,positive,16.4,15.92379979778696,0.060704175694509456,0.25609756097560976,inner_disk
UGC07232,0.41,9.233099999999808,positive,26.2,26.023199265270986,0.013634090261041055,0.5,mid_disk
UGC07232,0.62,476.5679000000001,positive,35.2,27.61289734888391,0.6250299519156178,0.7560975609756098,outer_disk
UGC07232,0.82,1182.4371,positive,44.0,27.451100160102875,1.5691286022706266,1.0,edge
UGC07261,0.95,1405.8328,positive,46.8,28.0072704846438,1.7922232228363029,0.1424287856071964,core
UGC07261,1.9,1341.4459999999997,positive,63.0,51.25967225802366,0.5105303259228923,0.2848575712143928,inner_disk
UGC07261,2.86,1812.2795,positive,66.8,51.47776704558969,0.6838892504246763,0.4287856071964018,mid_disk
UGC07261,3.81,2242.001599999999,positive,69.6,51.01135559853316,0.8615930529056183,0.5712143928035982,mid_disk
UGC07261,4.76,3107.4055000000003,positive,73.4,47.7509633410678,1.3628048011658855,0.7136431784107946,outer_disk
UGC07261,5.72,3483.8163,positive,74.7,45.78508163146594,1.661909081815032,0.8575712143928036,edge
UGC07261,6.67,3672.277199999999,positive,76.1,46.03186722261003,1.7330786516684247,1.0,edge
UGC07323,0.58,86.92349999999988,positive,23.9,22.00651040033381,0.17948776189301138,0.09965635738831614,core
UGC07323,1.17,-16.7516999999998,negative,34.7,34.940545216123915,-0.013721434973919882,0.20103092783505153,inner_disk
UGC07323,1.75,-24.418500000000225,negative,42.8,43.08431849292733,-0.013154687237795936,0.3006872852233677,inner_disk
UGC07323,2.33,249.5254999999997,positive,51.3,48.80742259124118,0.10474738415420082,0.4003436426116838,mid_disk
UGC07323,2.91,490.2938000000004,positive,57.7,53.28223155987369,0.1726997028034065,0.5,mid_disk
UGC07323,3.5,1227.7394,positive,67.3,57.45912112101959,0.37186750976950045,0.6013745704467354,outer_disk
UGC07323,4.07,1891.701500000001,positive,75.4,61.59105860431366,0.49867462633372717,0.6993127147766324,outer_disk
UGC07323,4.65,1976.9211,positive,79.5,65.90393690819995,0.45516265185443366,0.7989690721649485,outer_disk
UGC07323,5.23,2298.0907,positive,82.8,67.5111050124348,0.5042161270256793,0.8986254295532646,edge
UGC07323,5.82,2797.364699999999,positive,85.6,67.30523976630646,0.6175204420190016,1.0,edge
UGC07399,0.61,1211.4374999999995,positive,47.3,32.02893223321689,1.1809080740164883,0.09951060358890701,core
UGC07399,1.22,3365.1031000000007,positive,70.4,39.88805460285072,2.1150111601916937,0.19902120717781402,core
UGC07399,1.84,5417.342600000001,positive,83.7,39.8540763285263,3.410678671429185,0.300163132137031,inner_disk
UGC07399,2.45,6290.180199999999,positive,89.1,40.60332252414819,3.8153988239203245,0.39967373572593806,inner_disk
UGC07399,3.07,6702.286400000001,positive,91.7,41.31105905202625,3.927266062253707,0.5008156606851549,mid_disk
UGC07399,3.68,7384.261999999999,positive,95.1,40.74000490917987,4.449025996717572,0.600326264274062,outer_disk
UGC07399,4.3,7782.290800000001,positive,96.9,40.091385608382254,4.841783013604268,0.7014681892332789,outer_disk
UGC07399,4.91,8384.1148,positive,100.0,40.19807458075573,5.1885584446221795,0.800978792822186,edge
UGC07399,5.52,8962.7375,positive,103.0,40.57416049655248,5.444294272632706,0.9004893964110929,edge
UGC07399,6.13,9619.095,positive,106.0,40.21075726717914,5.9490786409838545,1.0,edge
UGC07524,0.35,-31.71459999999996,negative,14.4,15.462037381923508,-0.13265566480086116,0.03274087932647334,core
UGC07524,0.69,271.6690999999999,positive,24.4,17.991411840097484,0.8392855653340886,0.06454630495790459,core
UGC07524,1.03,440.8422999999999,positive,29.2,20.29279921548528,1.070531234147252,0.09635173058933584,core
UGC07524,1.38,620.2067,positive,32.9,21.498913926056822,1.3418482732598405,0.12909260991580918,core
UGC07524,1.72,896.0466999999998,positive,37.8,23.082315741710143,1.681790480473384,0.16089803554724041,core
UGC07524,2.07,1119.0166,positive,42.0,25.396523384116968,1.734954108896446,0.19363891487371374,core
UGC07524,2.41,1297.6407000000002,positive,45.1,27.13612536822455,1.7622145572880348,0.22544434050514503,inner_disk
UGC07524,2.76,1378.5852000000002,positive,47.6,29.78547968389967,1.5539048223642062,0.25818521983161835,inner_disk
UGC07524,3.1,1743.5142999999996,positive,52.3,31.49247052868352,1.757972392346374,0.2899906454630496,inner_disk
UGC07524,3.45,2185.3378,positive,57.3,33.1353617756016,1.9903760837675815,0.32273152478952294,inner_disk
UGC07524,3.79,2581.812,positive,61.4,34.469522770122595,2.172971717328144,0.3545369504209542,inner_disk
UGC07524,4.14,2846.5267000000003,positive,64.5,36.24532107734735,2.166762742199975,0.38727782974742747,inner_disk
UGC07524,4.48,3001.2942000000007,positive,66.4,37.518872584340805,2.1321070668904514,0.4190832553788588,mid_disk
UGC07524,4.82,3012.0272000000004,positive,66.9,38.25680070262018,2.0579820970839506,0.45088868101029006,mid_disk
UGC07524,5.17,3278.6120000000005,positive,69.4,39.21413010637875,2.1320866617937404,0.48362956033676335,mid_disk
UGC07524,5.51,3364.5406000000003,positive,70.2,39.54111025249544,2.1519295754126926,0.5154349859681946,mid_disk
UGC07524,5.86,3469.3391000000006,positive,70.9,39.464805840140656,2.2275466591382225,0.548175865294668,mid_disk
UGC07524,6.2,3627.25,positive,72.3,40.00049999687504,2.266974575635609,0.5799812909260992,mid_disk
UGC07524,6.55,3788.020700000001,positive,73.9,40.904636656496535,2.263952261707627,0.6127221702525725,outer_disk
UGC07524,6.89,3869.8843,positive,75.0,41.89410101673027,2.2049169180128696,0.6445275958840038,outer_disk
UGC07524,7.25,3853.9855,positive,75.5,42.96818008712959,2.087450362610558,0.6782039289055192,outer_disk
UGC07524,7.58,3997.563099999999,positive,77.1,44.12308806056077,2.053352577442016,0.7090739008419084,outer_disk
UGC07524,7.94,3866.9447,positive,77.0,45.409859061661926,1.8752866133124562,0.7427502338634239,outer_disk
UGC07524,8.27,3752.0895,positive,77.0,46.65737347944052,1.723584639791117,0.7736202057998129,outer_disk
UGC07524,8.63,3815.131800000001,positive,78.2,47.95944328284055,1.6586749266838845,0.8072965388213285,edge
UGC07524,8.97,3944.997499999999,positive,79.6,48.89951431251644,1.6498240918381746,0.8391019644527596,edge
UGC07524,9.3,3973.9152,positive,80.3,49.74107759186565,1.6061578187604213,0.8699719363891488,edge
UGC07524,9.66,4048.003100000001,positive,81.2,50.45232303868673,1.5902979563154762,0.9036482694106642,edge
UGC07524,9.99,4165.0386,positive,82.3,51.07104267586477,1.5968700716503017,0.9345182413470534,edge
UGC07524,10.35,4334.234299999999,positive,83.8,51.84790931175529,1.6123149727716142,0.9681945743685688,edge
UGC07524,10.69,3578.184,positive,79.0,51.60248056053119,1.3437593885570769,1.0,edge
UGC07559,0.36,-12.097199999999988,negative,9.31,9.938475738260871,-0.12247439338363698,0.1422924901185771,core
UGC07559,0.72,-4.128100000000018,negative,15.9,16.02928881766125,-0.01606651563158604,0.2845849802371542,inner_disk
UGC07559,1.08,122.43499999999987,positive,21.4,18.317341510164624,0.3649057447284103,0.42687747035573126,mid_disk
UGC07559,1.45,289.9890000000001,positive,26.1,19.779307369066288,0.741240884308358,0.5731225296442688,mid_disk
UGC07559,1.8,461.8137999999999,positive,29.7,20.500639014430742,1.0988340524635942,0.7114624505928855,outer_disk
UGC07559,2.17,516.3122000000001,positive,31.1,21.23435424024004,1.1450758908116203,0.857707509881423,edge
UGC07559,2.53,520.4866000000001,positive,32.1,22.58148356508049,1.0207152682147942,1.0,edge
UGC07577,0.19,-1.053399999999998,negative,3.74,3.8782728114458376,-0.0700352370188151,0.11242603550295859,core
UGC07577,0.38,-12.319999999999991,negative,5.4,6.440496875241847,-0.29701060752169695,0.22485207100591717,inner_disk
UGC07577,0.57,-23.575900000000004,negative,7.31,8.775648124212822,-0.3061328104710954,0.33727810650887574,inner_disk
UGC07577,0.75,-53.0641,negative,8.85,11.462399399776643,-0.40387756437871153,0.4437869822485207,mid_disk
UGC07577,0.94,-55.8048,negative,10.7,13.049704977508112,-0.3276952672659412,0.5562130177514792,mid_disk
UGC07577,1.13,-44.75049999999999,negative,12.4,14.08937542973428,-0.22543140035413733,0.6686390532544378,outer_disk
UGC07577,1.32,-35.59370000000001,negative,14.1,15.310248201776483,-0.15184785905683232,0.7810650887573966,outer_disk
UGC07577,1.51,10.625799999999998,positive,15.9,15.56226847217333,0.043874868798212265,0.893491124260355,edge
UGC07577,1.69,92.76870000000004,positive,17.8,14.969011323397414,0.41401419994439287,1.0,edge
UGC07603,0.34,-23.51699999999994,negative,19.6,20.19101285225682,-0.05768537346968296,0.0827250608272506,core
UGC07603,0.68,234.1811,positive,32.5,28.671743930218128,0.2848679715289071,0.1654501216545012,core
UGC07603,1.02,723.6614999999999,positive,41.9,32.123955235929465,0.7012573786385656,0.2481751824817518,inner_disk
UGC07603,1.37,1460.0235,positive,50.6,33.17132044402212,1.3268881837510618,0.3333333333333333,inner_disk
UGC07603,1.71,2029.1823,positive,57.0,34.92588867874374,1.6635127527662534,0.4160583941605839,mid_disk
UGC07603,2.05,2461.7906000000003,positive,60.5,34.618772364137925,2.0541293263668345,0.49878345498783444,mid_disk
UGC07603,2.39,2577.5463,positive,60.5,32.90446322309483,2.3806571456253445,0.5815085158150851,mid_disk
UGC07603,2.74,2661.9788,positive,60.0,30.627131762540223,2.8378663509950512,0.6666666666666666,outer_disk
UGC07603,3.08,2936.2711,positive,61.5,29.085716425764726,3.470856188020765,0.7493917274939172,outer_disk
UGC07603,3.42,2979.1098,positive,61.5,28.33972829792128,3.709327213355775,0.8321167883211678,edge
UGC07603,3.76,3197.7983,positive,63.0,27.770518540351382,4.146513551513178,0.9148418491484184,edge
UGC07603,4.11,3365.5103,positive,64.0,27.02757295799976,4.6071974731471235,1.0,edge
UGC07608,0.6,98.664,positive,14.6,10.70028037015853,0.8617244270542204,0.12552301255230125,core
UGC07608,1.19,780.3315,positive,31.5,14.55742078803797,3.6822245344318687,0.24895397489539747,inner_disk
UGC07608,1.79,1694.9669999999996,positive,44.8,17.665588017385666,5.43131574984058,0.37447698744769875,inner_disk
UGC07608,2.38,2114.5271,positive,50.6,21.114755504149223,4.742869133255981,0.49790794979079495,mid_disk
UGC07608,2.99,2580.4742,positive,55.6,22.6027830144874,5.050980473522653,0.6255230125523012,outer_disk
UGC07608,3.59,3170.1318,positive,61.4,24.49139032394854,5.285066290647888,0.7510460251046024,outer_disk
UGC07608,4.18,3635.3803,positive,66.0,26.844360674078278,5.044797276566264,0.8744769874476986,edge
UGC07608,4.78,3956.328,positive,69.3,29.088863848558955,4.675615307707035,1.0,edge
UGC07690,0.59,-59.865200000000186,negative,45.3,45.956013752282736,-0.028345866427469762,0.14285714285714285,core
UGC07690,1.18,1051.6549999999993,positive,59.8,50.24325825421755,0.4165984982480878,0.2857142857142857,inner_disk
UGC07690,1.77,1391.4939,positive,60.7,47.88523885290749,0.6068452972946614,0.4285714285714286,mid_disk
UGC07690,2.36,1322.515,positive,58.8,46.2052486196103,0.6194667259974005,0.5714285714285714,mid_disk
UGC07690,2.95,1458.0095,positive,57.9,43.52471137181728,0.7696416359687401,0.7142857142857143,outer_disk
UGC07690,3.54,1563.7998999999998,positive,56.9,40.91222433454334,0.9342755788126739,0.8571428571428572,edge
UGC07690,4.13,1652.5522999999998,positive,55.9,38.37001042480964,1.1224613055173691,1.0,edge
UGC07866,0.33,55.3535,positive,12.2,9.66884170932589,0.592101533376477,0.14224137931034483,core
UGC07866,0.66,189.75799999999995,positive,19.4,13.660234258606256,1.0169130020042656,0.28448275862068967,inner_disk
UGC07866,1.0,246.69749999999996,positive,23.9,18.014230485924177,0.760209545086861,0.4310344827586207,mid_disk
UGC07866,1.33,291.4275,positive,26.0,19.610520135886247,0.7577959942533594,0.5732758620689656,mid_disk
UGC07866,1.67,378.8335000000001,positive,28.2,20.40604077228113,0.9097684594260661,0.7198275862068966,outer_disk
UGC07866,2.0,484.4003000000002,positive,30.6,21.25934382806769,1.071777638581494,0.8620689655172414,edge
UGC07866,2.32,622.6519000000001,positive,33.1,21.747599867571594,1.3165054155960116,1.0,edge
UGC08286,0.47,217.51789999999997,positive,22.2,16.59283279009344,0.7900488191830585,0.058457711442786074,core
UGC08286,0.95,1287.7587,positive,43.4,24.409041357660897,2.161389543795893,0.1181592039800995,core
UGC08286,1.42,2723.0430000000006,positive,60.2,30.016612067320324,3.02225534602224,0.17661691542288557,core
UGC08286,1.9,3569.061499999999,positive,69.6,35.70852139195909,2.799047681414416,0.236318407960199,inner_disk
UGC08286,2.37,3642.4996,positive,72.5,40.17151229416189,2.257164181028243,0.2947761194029851,inner_disk
UGC08286,2.84,3843.6143,positive,74.3,40.94967277036533,2.2921283312770293,0.35323383084577115,inner_disk
UGC08286,3.3,3953.011199999999,positive,75.8,42.33944732752189,2.205147658009287,0.41044776119402987,mid_disk
UGC08286,3.78,4108.430700000001,positive,77.2,43.028005996095146,2.2190828899908848,0.4701492537313433,mid_disk
UGC08286,4.25,4361.8379,positive,79.3,43.89364532594667,2.263946822573728,0.5286069651741294,mid_disk
UGC08286,4.73,4658.597,positive,81.3,44.171178385911325,2.3876857740763766,0.5883084577114429,mid_disk
UGC08286,5.2,4871.1375,positive,81.6,42.27791976907094,2.725230044939012,0.6467661691542289,outer_disk
UGC08286,5.67,5058.301799999999,positive,82.1,41.01351240749809,3.007120350522041,0.705223880597015,outer_disk
UGC08286,6.15,5344.785000000002,positive,82.9,39.08484360976771,3.498754602733002,0.7649253731343285,outer_disk
UGC08286,6.62,5462.978400000001,positive,83.2,38.20028272146687,3.743659395957517,0.8233830845771145,edge
UGC08286,7.1,5418.8115,positive,83.5,39.41368417187107,3.4882690882194565,0.8830845771144279,edge
UGC08286,7.57,5554.3616,positive,83.8,38.315511219348224,3.7834230106512035,0.9415422885572141,edge
UGC08286,8.04,5661.846399999999,positive,84.3,38.00846747765556,3.9191994482237686,1.0,edge
UGC08490,0.34,727.8749999999998,positive,38.8,27.88485251888559,0.9360953746632111,0.03349753694581281,core
UGC08490,0.68,897.7695999999999,positive,50.1,40.152713482403655,0.5568459889728602,0.06699507389162562,core
UGC08490,1.02,1537.3567000000005,positive,60.2,45.68022876475117,0.7367465393526658,0.10049261083743842,core
UGC08490,1.36,2362.9000000000005,positive,68.2,47.83659686892453,1.0325825707718261,0.13399014778325125,core
UGC08490,1.69,2994.2635999999998,positive,72.8,48.01641802550457,1.2987050006237049,0.16650246305418717,core
UGC08490,2.03,3406.8034,positive,75.3,47.5740118131738,1.5052461318862578,0.19999999999999998,core
UGC08490,2.37,3670.1598,positive,76.6,46.87643544468799,1.6702282087714377,0.23349753694581282,inner_disk
UGC08490,2.7,3897.897499999999,positive,77.6,46.08538271512997,1.8352871242841755,0.2660098522167488,inner_disk
UGC08490,3.05,4141.368,positive,78.5,44.954221158863376,2.0492873903572804,0.3004926108374384,inner_disk
UGC08490,3.38,4168.675500000001,positive,78.2,44.11988780584103,2.1415552888178127,0.33300492610837434,inner_disk
UGC08490,3.72,4280.602199999999,positive,78.8,43.91853595009743,2.219264989518558,0.3665024630541872,inner_disk
UGC08490,4.06,4372.576000000001,positive,79.2,43.58972355957307,2.3012782727318664,0.39999999999999997,inner_disk
UGC08490,4.39,4490.9324,positive,79.2,42.21027836913659,2.520577675034893,0.4325123152709359,mid_disk
UGC08490,4.74,4610.1643,positive,79.2,40.77346808894234,2.7730716906117805,0.46699507389162564,mid_disk
UGC08490,5.08,4675.560599999999,positive,78.8,39.16477243646387,3.048193097840677,0.5004926108374385,mid_disk
UGC08490,5.41,4773.4914,positive,78.5,37.26605157512666,3.4372362482579764,0.5330049261083744,mid_disk
UGC08490,5.75,5076.385899999999,positive,80.1,36.60087567258466,3.789410701106379,0.5665024630541872,mid_disk
UGC08490,6.09,5103.632,positive,80.1,36.22675806637961,3.8888430010256183,0.6,mid_disk
UGC08490,6.42,5159.549499999999,positive,80.1,35.44658657755355,4.106415999547937,0.6325123152709359,outer_disk
UGC08490,6.77,5202.077499999999,positive,80.1,34.84153412236608,4.285310344685557,0.6669950738916256,outer_disk
UGC08490,7.11,5199.4791000000005,positive,79.8,34.18422004375703,4.4494720814293895,0.7004926108374384,outer_disk
UGC08490,7.44,5182.2307,positive,79.8,34.435581888505965,4.370205816398977,0.7330049261083744,outer_disk
UGC08490,7.78,5154.758,positive,79.5,34.13930286341535,4.4228171450340295,0.7665024630541872,outer_disk
UGC08490,8.12,5236.5023,positive,79.5,32.92032350995354,4.831846286732604,0.7999999999999999,outer_disk
UGC08490,8.46,5140.3694,positive,78.8,32.696645087837375,4.8082599970479025,0.8334975369458129,edge
UGC08490,8.8,5008.763100000001,positive,77.9,32.5522180503879,4.72682277464314,0.8669950738916257,edge
UGC08490,9.13,4946.7159,positive,77.2,31.829610428027543,4.882635700799144,0.8995073891625617,edge
UGC08490,9.47,5053.671799999999,positive,77.6,31.114115767606187,5.220259682950376,0.9330049261083744,edge
UGC08490,9.77,4915.030999999999,positive,76.6,30.863068544783424,5.159980431041993,0.9625615763546798,edge
UGC08490,10.15,5074.509999999999,positive,77.6,30.777426793024787,5.357096859329638,1.0,edge
UGC08550,0.49,322.94200000000006,positive,25.0,17.379815879346936,1.0691390395222116,0.09141791044776118,core
UGC08550,0.97,1076.5500000000002,positive,42.5,27.012959852633696,1.4753323283541186,0.18097014925373134,core
UGC08550,1.47,1363.9678,positive,48.0,30.659944553113597,1.4509798706895356,0.27425373134328357,inner_disk
UGC08550,1.95,1483.1638000000005,positive,49.2,30.61823312995053,1.5820815504436274,0.3638059701492537,inner_disk
UGC08550,2.44,1763.4815,positive,50.4,27.868952258741267,2.270542444524987,0.4552238805970149,mid_disk
UGC08550,2.92,2027.654,positive,51.6,25.197341129571587,3.193628663140686,0.544776119402985,mid_disk
UGC08550,3.41,2242.3672,positive,53.2,24.24608834430824,3.81437481033312,0.6361940298507462,outer_disk
UGC08550,3.89,2463.1914,positive,55.1,23.9336290603828,4.300124681705517,0.7257462686567164,outer_disk
UGC08550,4.39,2701.3947,positive,57.8,25.28725568344656,4.224590750764762,0.8190298507462686,edge
UGC08550,4.88,2562.7674999999995,positive,57.3,26.842550176911285,3.5568181423897234,0.9104477611940298,edge
UGC08550,5.36,2578.0635,positive,57.5,26.984930980085903,3.5403890349518985,1.0,edge
UGC08699,0.22,-2566.2973999999995,negative,152.0,160.21952877224425,-0.09997147130831445,0.008560311284046693,core
UGC08699,0.43,-28074.373000000007,negative,167.0,236.56579000354216,-0.5016561993145053,0.016731517509727626,core
UGC08699,0.65,-35048.28660000001,negative,179.0,259.01599680328627,-0.5224125695204516,0.02529182879377432,core
UGC08699,0.87,-30744.90460000001,negative,188.0,257.077623685921,-0.4652052380968045,0.03385214007782101,core
UGC08699,1.08,-24221.75649999999,negative,195.0,249.4929988997687,-0.3891247972093131,0.04202334630350195,core
UGC08699,1.31,-18606.912399999997,negative,199.0,241.26316005557084,-0.3196629398445837,0.0509727626459144,core
UGC08699,1.52,-13657.218099999998,negative,202.0,233.36927411293885,-0.25076960406803683,0.059143968871595336,core
UGC08699,1.73,-10465.240899999995,negative,202.0,226.4271205045897,-0.20412318802246976,0.06731517509727626,core
UGC08699,1.96,-7957.871400000004,negative,202.0,220.82090344892623,-0.16319864622751135,0.07626459143968872,core
UGC08699,2.17,-7142.635300000002,negative,200.0,217.12354846952925,-0.15151115873235876,0.08443579766536966,core
UGC08699,2.39,-7155.228599999995,negative,196.0,213.47418719835892,-0.15701197487574423,0.09299610894941635,core
UGC08699,2.6,-6808.138500000001,negative,193.0,209.89792400116775,-0.15452974777288367,0.10116731517509728,core
UGC08699,2.83,-6307.892100000012,negative,189.0,205.0094927070452,-0.1500846628312624,0.11011673151750974,core
UGC08699,3.04,-6187.827600000004,negative,184.0,200.10953900301703,-0.15452637699399158,0.11828793774319067,core
UGC08699,5.87,2359.7099000000017,positive,170.0,162.91190901834034,0.08891047878937847,0.2284046692607004,inner_disk
UGC08699,6.08,3165.311000000001,positive,172.0,162.5382693398696,0.11981332608896686,0.23657587548638134,inner_disk
UGC08699,6.3,3946.2022,positive,174.0,162.264591947843,0.14987590219929456,0.245136186770428,inner_disk
UGC08699,6.52,4697.337800000001,positive,176.0,162.1069467974769,0.1787510248523991,0.2536964980544747,inner_disk
UGC08699,6.74,5454.727099999996,positive,178.0,161.95453960911377,0.20796333626160093,0.2622568093385214,inner_disk
UGC08699,6.95,6212.672999999995,positive,180.0,161.82498879962887,0.2372396770392027,0.2704280155642024,inner_disk
UGC08699,7.16,6922.861999999994,positive,182.0,161.8676558179552,0.2642198976242937,0.2785992217898833,inner_disk
UGC08699,7.39,7200.4591,positive,183.0,162.13741363423804,0.27390105549753047,0.2875486381322957,inner_disk
UGC08699,7.6,7369.147000000004,positive,184.0,162.74782026190087,0.27821904701173844,0.29571984435797666,inner_disk
UGC08699,7.82,7494.585100000004,positive,185.0,163.4943879770801,0.28037668431401735,0.3042801556420234,inner_disk
UGC08699,8.03,7603.8776,positive,186.0,164.29279472940985,0.2817072880493458,0.3124513618677043,inner_disk
UGC08699,8.26,7680.217500000002,positive,187.0,165.1931672315777,0.28144229226789447,0.32140077821011676,inner_disk
UGC08699,8.47,7428.785900000003,positive,187.0,165.95244529683796,0.26974321524973194,0.3295719844357977,inner_disk
UGC08699,8.68,7630.736499999999,positive,188.0,166.47301132616062,0.2753460089606552,0.3377431906614786,inner_disk
UGC08699,8.91,7570.099900000001,positive,188.0,166.6550332273226,0.2725616450244235,0.34669260700389104,inner_disk
UGC08699,9.53,7885.034899999995,positive,187.0,164.5720665848248,0.29113295896249675,0.37081712062256805,inner_disk
UGC08699,9.78,8337.7074,positive,187.0,163.1909697256561,0.31307933584868497,0.38054474708171204,inner_disk
UGC08699,9.99,8418.0438,positive,186.0,161.79603270785103,0.3215699398259364,0.388715953307393,inner_disk
UGC08699,10.21,8959.171000000002,positive,186.0,160.11504926146074,0.34946486556508227,0.3972762645914397,inner_disk
UGC08699,11.46,10472.5402,positive,182.0,150.5040192154349,0.4623340081595977,0.44591439688715956,mid_disk
UGC08699,13.39,12072.0226,positive,177.0,138.76951178122664,0.6268908328261319,0.521011673151751,mid_disk
UGC08699,15.21,13572.4988,positive,175.0,130.58522581057937,0.7959242248873142,0.5918287937743191,mid_disk
UGC08699,17.13,16157.9072,positive,177.0,123.17099009101128,1.0650457032337184,0.6665369649805447,outer_disk
UGC08699,19.06,18719.8503,positive,180.0,116.96217208995394,1.3683951353251638,0.7416342412451361,outer_disk
UGC08699,20.99,20276.1852,positive,181.0,111.7354679589252,1.6240677594993238,0.8167315175097276,edge
UGC08699,22.92,21654.5343,positive,182.0,107.09559141253202,1.888015960499363,0.8918287937743191,edge
UGC08699,25.7,23373.943,positive,183.0,100.57363968754436,2.31080684963021,1.0,edge
UGC08837,0.52,-85.24889999999998,negative,7.31,11.776459569836767,-0.6146944514547356,0.12380952380952381,core
UGC08837,1.05,-83.26599999999999,negative,14.6,17.217026456389036,-0.28089978611862654,0.25,inner_disk
UGC08837,1.57,9.64310000000006,positive,21.0,20.769133347349857,0.02235527007913879,0.3738095238095238,inner_disk
UGC08837,2.09,63.45760000000007,positive,28.1,26.94721506946497,0.08738881810484972,0.49761904761904757,mid_disk
UGC08837,2.63,300.0682999999997,positive,35.3,30.75746576036459,0.31718965854588715,0.6261904761904762,outer_disk
UGC08837,3.15,781.3967,positive,43.0,32.674199301589624,0.7319167147572512,0.75,outer_disk
UGC08837,3.68,1043.2655,positive,46.6,33.590095266313256,0.9246393561255504,0.8761904761904762,edge
UGC08837,4.2,1111.1414,positive,48.0,34.53778510559124,0.9314946465574377,1.0,edge
UGC09037,2.43,-14890.193000000005,negative,62.2,136.96361925708595,-0.7937612242592675,0.0869098712446352,core
UGC09037,3.65,-14358.574099999994,negative,88.2,148.78781569738834,-0.6485994522828699,0.13054363376251787,core
UGC09037,4.86,-11547.076800000004,negative,107.0,151.64457392204972,-0.502132468091253,0.1738197424892704,core
UGC09037,6.08,-9089.505000000005,negative,120.0,153.2628624292265,-0.3869602616147085,0.21745350500715308,inner_disk
UGC09037,7.29,-10553.492099999996,negative,124.0,161.02637082167627,-0.40700728187421764,0.2607296137339056,inner_disk
UGC09037,8.51,-9199.542399999998,negative,128.0,159.9485617315767,-0.35958829532535724,0.3043633762517883,inner_disk
UGC09037,9.73,-7358.750499999998,negative,133.0,158.26481131319116,-0.2937888773684486,0.347997138769671,inner_disk
UGC09037,10.96,-5819.796500000004,negative,138.0,157.682581473034,-0.23406709027722308,0.39198855507868385,inner_disk
UGC09037,12.19,-4468.041699999994,negative,143.0,157.8513278373039,-0.17931670034488867,0.4359799713876967,mid_disk
UGC09037,13.41,-2769.510600000001,negative,146.0,155.19507273106322,-0.11498658450695252,0.4796137339055794,mid_disk
UGC09037,14.55,-1359.7477000000035,negative,148.0,152.52458064194113,-0.058449211087343564,0.5203862660944206,mid_disk
UGC09037,15.78,1022.8983000000007,positive,154.0,150.64229718110383,0.045075297045004674,0.5643776824034334,mid_disk
UGC09037,17.0,3414.687800000004,positive,158.0,146.79683988424273,0.1584592477155723,0.6080114449213162,outer_disk
UGC09037,18.23,5091.026799999996,positive,159.0,142.09142549781112,0.25215619404586403,0.652002861230329,outer_disk
UGC09037,19.46,6619.276300000001,positive,160.0,137.7705472878728,0.34873677129602826,0.695994277539342,outer_disk
UGC09037,20.69,6439.989399999999,positive,158.0,136.10294118791114,0.34765632233011134,0.7399856938483548,outer_disk
UGC09037,21.92,6345.551100000001,positive,155.0,132.96408876083797,0.35892244921729444,0.7839771101573677,outer_disk
UGC09037,23.14,7609.120699999999,positive,156.0,129.33243715325247,0.4549037847125494,0.8276108726752504,edge
UGC09037,24.28,7563.321599999999,positive,154.0,127.09318785835848,0.4682394716655784,0.8683834048640916,edge
UGC09037,25.51,7294.4048,positive,150.0,123.31096950393342,0.4797184657395063,0.9123748211731044,edge
UGC09037,26.73,4673.781999999999,positive,141.0,123.3175494404588,0.3073397119709863,0.9560085836909871,edge
UGC09037,27.96,8105.3195,positive,152.0,122.46910018449552,0.5404021707109502,1.0,edge
UGC09133,0.32,43873.3839,positive,284.0,191.7879456587405,1.1927749723054635,0.002954482503923922,core
UGC09133,0.63,-8368.965899999996,negative,282.0,296.4674786549108,-0.09521769818897416,0.005816637429600221,core
UGC09133,0.95,-29027.583700000017,negative,281.0,328.6161646967477,-0.26880233729743797,0.008771119933524143,core
UGC09133,1.26,-36515.30299999999,negative,280.0,338.99159724099354,-0.31775840159425933,0.011633274859200442,core
UGC09133,1.58,-39513.27599999998,negative,280.0,343.38502588202647,-0.33510455599588285,0.014587757363124365,core
UGC09133,1.89,-40034.94409999999,negative,279.0,343.33066291841743,-0.33963625407773085,0.017449912288800662,core
UGC09133,2.21,-39242.78020000001,negative,279.0,342.1750724409948,-0.33516837373175273,0.020404394792724587,core
UGC09133,2.52,-37977.3957,negative,279.0,340.32101859861666,-0.32790469484978374,0.023266549718400885,core
UGC09133,2.84,-36571.65980000002,negative,279.0,338.24940472970536,-0.3196469679485593,0.026221032222324806,core
UGC09133,3.15,-36154.27399999999,negative,279.0,337.63186164815664,-0.31715590244556974,0.029083187148001108,core
UGC09133,3.47,-37327.0426,negative,279.0,339.3641740078054,-0.3241093775435929,0.03203766965192503,core
UGC09133,3.79,-38589.14640000001,negative,279.0,341.2186196560792,-0.33143603777174324,0.03499215215584895,core
UGC09133,4.1,-38682.83250000002,negative,280.0,342.17368762077547,-0.33038859475833066,0.03785430708152525,core
UGC09133,4.42,-38580.9515,negative,280.0,342.0247819968605,-0.3298054170810879,0.04080878958544917,core
UGC09133,4.73,-37628.9509,negative,280.0,340.63022605165264,-0.32430656838766614,0.04367094451112548,core
UGC09133,5.05,-35359.438599999994,negative,281.0,338.11305594430985,-0.3093011103965445,0.04662542701504939,core
UGC09133,5.36,-32806.3043,negative,282.0,335.15713374475564,-0.29205212702339306,0.049487581940725694,core
UGC09133,5.68,-30803.238099999988,negative,282.0,332.15544267706946,-0.2791988508955523,0.05244206444464961,core
UGC09133,5.99,-28531.990499999985,negative,283.0,329.5769872123962,-0.26267474056959544,0.05530421937032592,core
UGC09133,6.31,-26557.382500000007,negative,284.0,327.43454689449004,-0.24770585425751313,0.058258701874249835,core
UGC09133,6.62,-25766.996199999998,negative,284.0,326.22537638877816,-0.24211868787809981,0.06112085679992614,core
UGC09133,6.94,-24724.750100000005,negative,285.0,325.49923210354893,-0.23336298647862502,0.06407533930385007,core
UGC09133,7.57,-23138.814999999988,negative,286.0,323.93643666620767,-0.22050655923870446,0.06989197673345028,core
UGC09133,7.89,-21440.353100000008,negative,287.0,322.19458887448747,-0.2065358511515472,0.0728464592373742,core
UGC09133,8.2,-19873.429399999997,negative,287.0,319.75370115137054,-0.19437555931158265,0.0757086141630505,core
UGC09133,8.31,-18779.122999999992,negative,288.0,318.9406261359628,-0.18461016970546598,0.07672421752377435,core
UGC09133,8.52,-17933.252600000007,negative,288.0,317.61179543587485,-0.17777300766813314,0.07866309666697442,core
UGC09133,8.83,-16966.833199999994,negative,288.0,316.08674948501084,-0.16981975484115963,0.08152525159265073,core
UGC09133,9.15,-15908.112800000004,negative,288.0,314.40755843331755,-0.16092840455707494,0.08447973409657465,core
UGC09133,9.78,-12618.773,negative,289.0,310.06414336391754,-0.13125444970626257,0.09029637152617485,core
UGC09133,10.1,-10888.402400000006,negative,289.0,307.26113063646693,-0.11533175852408538,0.09325085403009878,core
UGC09133,11.04,-6342.007700000002,negative,288.0,298.8076433092032,-0.07103025281754201,0.1019296463853753,core
UGC09133,11.36,-4746.357199999999,negative,288.0,296.1255767406794,-0.05412632986743038,0.10488412888929922,core
UGC09133,11.67,-3315.0109999999986,negative,288.0,293.69884405628835,-0.03843089506324156,0.10774628381497553,core
UGC09133,13.57,1773.157600000006,positive,285.0,281.87203195776624,0.022317388073558455,0.1252885236820238,core
UGC09133,13.88,2335.812999999994,positive,284.0,279.8574404942631,0.02982389457267249,0.12815067860770013,core
UGC09133,14.2,3322.5709999999963,positive,284.0,278.088886868929,0.04296422702270187,0.13110516111162404,core
UGC09133,16.61,6981.683399999994,positive,278.0,265.1458402464576,0.09930943584297179,0.15335610746930106,core
UGC09133,19.35,10176.0487,positive,273.0,253.67883494686745,0.1581287026380715,0.17865386390914967,core
UGC09133,22.19,14393.46910000001,positive,269.0,240.76447183918145,0.2483022629483777,0.20487489613147447,inner_disk
UGC09133,24.92,16477.506899999993,positive,265.0,231.83505580476825,0.30657256645147585,0.23008032499307543,inner_disk
UGC09133,27.66,18619.342300000004,positive,262.0,223.66192724735248,0.3722032924575115,0.255378081432924,inner_disk
UGC09133,30.5,19641.2486,positive,257.0,215.4245840195589,0.42323206808076475,0.2815991136552488,inner_disk
UGC09133,33.23,20387.084200000005,positive,252.0,207.6461311943952,0.47283261851488956,0.30680454251684974,inner_disk
UGC09133,35.96,21238.3429,positive,247.0,199.42581853912495,0.5340204172789492,0.33200997137845073,inner_disk
UGC09133,38.8,21897.79299999999,positive,242.0,191.4842212820681,0.5972200233310192,0.35823100360077553,inner_disk
UGC09133,41.54,22520.6098,positive,238.0,184.72517478676264,0.6599757429729239,0.38352876004062414,inner_disk
UGC09133,44.27,23221.312600000005,positive,235.0,178.89574449941506,0.7255824089820353,0.4087341889022251,mid_disk
UGC09133,47.11,25482.5686,positive,236.0,173.82011218498278,0.8434185532464876,0.4349552211245499,mid_disk
UGC09133,49.84,28497.1107,positive,239.0,169.18596070596402,0.9955708814175717,0.46016064998615086,mid_disk
UGC09133,52.58,31568.472200000004,positive,242.0,164.30315821675492,1.1693963694238274,0.4854584064259994,mid_disk
UGC09133,55.42,34459.4844,positive,245.0,159.8921999348311,1.3478892794166841,0.5116794386483242,mid_disk
UGC09133,58.15,36499.0339,positive,247.0,156.556590726804,1.48915072958832,0.5368848675099251,mid_disk
UGC09133,60.89,36803.6315,positive,246.0,153.9882089641931,1.55208584498845,0.5621826239497738,mid_disk
UGC09133,63.62,36252.6486,positive,243.0,150.984606500133,1.5902829344874898,0.5873880528113747,mid_disk
UGC09133,66.46,35269.6173,positive,239.0,147.822131969472,1.614067987560348,0.6136090850336995,outer_disk
UGC09133,69.19,33761.2867,positive,234.0,144.89552546576448,1.608085150655522,0.6388145138953005,outer_disk
UGC09133,71.93,32660.4911,positive,230.0,142.26562796403073,1.6136997820139796,0.6641122703351492,outer_disk
UGC09133,74.77,32417.7099,positive,228.0,139.87955568988627,1.656814333954908,0.6903333025574738,outer_disk
UGC09133,77.5,32961.0574,positive,228.0,137.92368397052047,1.7327002500654125,0.7155387314190749,outer_disk
UGC09133,80.23,33018.5199,positive,227.0,136.05322524659238,1.7837743657443006,0.7407441602806759,outer_disk
UGC09133,83.07,33090.169200000004,positive,226.0,134.1112627634234,1.8397909759053224,0.7669651925030005,outer_disk
UGC09133,85.81,32699.0523,positive,224.0,132.20040733674008,1.8709818705928838,0.7922629489428492,outer_disk
UGC09133,88.54,32328.6531,positive,222.0,130.21269868949034,1.9066936990832077,0.8174683778044503,edge
UGC09133,91.38,32848.009900000005,positive,222.0,128.2029254736412,1.9985415968338904,0.8436894100267749,edge
UGC09133,94.12,34203.770300000004,positive,224.0,126.38128698505962,2.141452442297396,0.8689871664666236,edge
UGC09133,99.69,36347.3162,positive,227.0,123.21397566834698,2.3941557918628233,0.9204136275505493,edge
UGC09133,108.31,38429.6666,positive,229.0,118.36947832950858,2.742755846492097,1.0,edge
UGC09992,0.78,336.2818000000002,positive,28.1,21.291505348377783,0.741806488102881,0.20051413881748073,inner_disk
UGC09992,1.55,320.78740000000016,positive,31.3,25.66909815322696,0.48685101561293015,0.39845758354755784,inner_disk
UGC09992,2.34,352.5064,positive,33.0,27.13841557644809,0.4786279201883083,0.6015424164524421,outer_disk
UGC09992,3.12,300.4070999999999,positive,33.4,28.550882648352573,0.36852853004632613,0.8020565552699229,edge
UGC09992,3.89,382.2849999999997,positive,34.3,28.18164296133212,0.4813429781983236,1.0,edge
UGC10310,1.1,637.4991000000002,positive,33.2,21.557850078335733,1.3717301403857511,0.14211886304909563,core
UGC10310,2.21,1675.6883000000005,positive,54.6,36.13131190532666,1.2835883765232141,0.2855297157622739,inner_disk
UGC10310,3.31,2608.6994000000004,positive,65.7,41.32542316782734,1.5275288434073824,0.42764857881136953,mid_disk
UGC10310,4.42,2935.5150000000003,positive,69.2,43.047938394306414,1.5840890387858346,0.5710594315245477,mid_disk
UGC10310,5.52,2782.4375,positive,70.9,47.37480870673781,1.23973961541589,0.7131782945736433,outer_disk
UGC10310,6.64,2850.6396000000013,positive,72.4,48.8990838359984,1.192177357526623,0.8578811369509043,edge
UGC10310,7.74,3146.727500000001,positive,73.2,47.02672112746114,1.4228847903866704,1.0,edge
UGC11455,0.62,-3838.1024000000007,negative,35.1,71.20472175354666,-0.7570053870995048,0.014786549010255187,core
UGC11455,1.23,-8515.6096,negative,64.6,112.64443883299344,-0.671113895865837,0.029334605294538515,core
UGC11455,1.83,-13107.242200000004,negative,80.1,139.72563186473698,-0.6713657164148094,0.04364416885284999,core
UGC11455,2.47,-12548.938500000004,negative,113.0,159.1161164055986,-0.4956540399211414,0.058907703315048895,core
UGC11455,3.08,-10828.421799999996,negative,136.0,171.24374966695865,-0.36926292609800054,0.07345575959933222,core
UGC11455,3.68,-10224.8424,negative,150.0,180.90008955221663,-0.312448942458467,0.0877653231576437,core
UGC11455,4.32,-6938.844100000002,negative,171.0,190.21,-0.1917875621802362,0.1030288576198426,core
UGC11455,4.91,-2581.9721000000063,negative,192.0,198.6101006998385,-0.06545591254423686,0.11709992845218221,core
UGC11455,5.53,-6598.388100000004,negative,197.0,213.09009385703504,-0.14531529726987322,0.1318864774624374,core
UGC11455,6.17,-14985.457600000002,negative,195.0,230.24,-0.2826887048037858,0.1471500119246363,core
UGC11455,6.78,-25679.385299999994,negative,196.0,253.17066437484416,-0.400643278448316,0.16169806820891963,core
UGC11455,7.38,-29267.43729999999,negative,216.0,275.54207900064915,-0.38548619952958846,0.1760076317672311,core
UGC11455,8.0,-32295.961599999995,negative,225.0,287.96,-0.3894788600714924,0.19079418077748628,core
UGC11455,8.62,-26999.539600000004,negative,240.0,290.86,-0.31914523090383345,0.20558072978774145,inner_disk
UGC11455,9.23,-26450.823300000004,negative,247.0,295.7360703397541,-0.3024339897105647,0.22012878607202482,inner_disk
UGC11455,9.85,-27006.333600000013,negative,254.0,302.52658329475776,-0.29507916306015186,0.23491533508228,inner_disk
UGC11455,10.43,-29149.13370000001,negative,257.0,308.54194803948457,-0.3061943818337692,0.24874791318864775,inner_disk
UGC11455,11.05,-23672.310500000007,negative,273.0,313.37088329964547,-0.24105900806690356,0.263534462198903,inner_disk
UGC11455,11.67,-26501.400999999983,negative,272.0,316.9943232930205,-0.2637338432873446,0.27832101120915814,inner_disk
UGC11455,12.19,-29707.402,negative,270.0,320.3239016995141,-0.28952494090046255,0.2907226329596947,inner_disk
UGC11455,12.91,-27121.69159999999,negative,279.0,323.97946169471913,-0.25839363669671744,0.3078941092296685,inner_disk
UGC11455,14.56,-24862.934800000003,negative,287.0,327.4628754530809,-0.23186129063484925,0.34724540901502504,inner_disk
UGC11455,16.63,-15939.147699999989,negative,291.0,317.20679012278407,-0.15840910656902157,0.3966134032911996,inner_disk
UGC11455,17.77,-14978.174500000008,negative,286.0,311.0854778031273,-0.15477450029811424,0.4238015740519914,mid_disk
UGC11455,18.49,-12116.238499999992,negative,288.0,308.31840441335964,-0.1274585325177781,0.44097305032196515,mid_disk
UGC11455,20.24,-9107.759200000017,negative,289.0,304.3497317232266,-0.09832539352421786,0.4827092773670403,mid_disk
UGC11455,22.62,-6846.282099999997,negative,288.0,299.6502663105775,-0.0762474728877146,0.5394705461483426,mid_disk
UGC11455,24.89,-12497.538,negative,269.0,291.30488839015385,-0.14727496247932062,0.5936083949439542,mid_disk
UGC11455,27.06,-5969.499999999985,negative,267.0,277.95413290685207,-0.07726657908191314,0.6453613164798473,outer_disk
UGC11455,29.13,3435.109399999986,positive,272.0,265.61041131702655,0.04869118948271576,0.694729310756022,outer_disk
UGC11455,31.3,10287.834199999998,positive,274.0,254.5351956017085,0.15879187306765824,0.7464822322919151,outer_disk
UGC11455,33.46,6960.131099999999,positive,259.0,245.1955727577478,0.11576897053129581,0.7979966611018364,outer_disk
UGC11455,35.53,18869.78780000001,positive,272.0,234.76416293804297,0.3423760777261008,0.847364655378011,edge
UGC11455,37.7,24587.113499999992,positive,274.0,224.69732196891,0.4869807041595182,0.8991175769139041,edge
UGC11455,39.87,26565.207,positive,272.0,217.75856584759185,0.5602252887373156,0.9508704984497972,edge
UGC11455,41.93,26128.251000000004,positive,266.0,211.25280826535771,0.585470958887037,1.0,edge
UGC11557,0.33,-468.2877000000001,negative,4.0,22.006537664975838,-0.9669617873838214,0.03125,core
UGC11557,0.99,-1955.9905000000003,negative,17.0,47.3813307115788,-0.8712689430088902,0.09375,core
UGC11557,1.76,-2472.1577,negative,33.3,59.84185575331033,-0.6903448116594482,0.16666666666666666,core
UGC11557,2.42,-3104.5310000000004,negative,44.9,71.55795553256115,-0.6062896479102503,0.22916666666666666,inner_disk
UGC11557,3.19,-3783.757,negative,53.0,81.19579422605582,-0.5739263558477887,0.3020833333333333,inner_disk
UGC11557,3.85,-3400.570000000001,negative,60.8,84.24494050089893,-0.4791418036101511,0.3645833333333333,inner_disk
UGC11557,4.62,-2943.8658000000005,negative,69.0,87.77736496386754,-0.38207878974348913,0.4375,mid_disk
UGC11557,5.28,-2588.529699999999,negative,76.6,91.95699918983873,-0.30611426697614136,0.5,mid_disk
UGC11557,5.94,-1917.48,negative,85.0,95.6163165992081,-0.20973302648734263,0.5625,mid_disk
UGC11557,7.04,-3241.112000000003,negative,78.1,96.64741072579234,-0.34698730997453975,0.6666666666666666,outer_disk
UGC11557,8.8,-2198.494900000001,negative,81.6,94.1119275118728,-0.24821963111011097,0.8333333333333334,edge
UGC11557,10.56,-228.78249999999932,negative,84.5,85.84306902714977,-0.031046477268216598,1.0,edge
UGC11820,0.26,182.7126,positive,16.0,8.56080603681686,2.4930970398731573,0.01643489254108723,core
UGC11820,0.44,164.00029999999992,positive,18.9,13.899989208628904,0.8488202196887626,0.02781289506953224,core
UGC11820,0.61,330.51910000000004,positive,25.8,18.306307656105854,0.9862682393130365,0.038558786346396964,core
UGC11820,0.79,819.3149999999998,positive,35.8,21.501744115303765,1.7721624398421016,0.04993678887484197,core
UGC11820,1.01,1336.6391000000003,positive,44.1,24.66112122349671,2.1978018020921435,0.0638432364096081,core
UGC11820,5.26,2553.548,positive,59.65,31.69502326864582,2.5419199870193796,0.3324905183312263,inner_disk
UGC11820,7.91,3377.1199000000006,positive,69.15,37.47802822988424,2.404324112741925,0.5,mid_disk
UGC11820,10.52,4188.852500000001,positive,76.95,41.62271014722612,2.4178778608329243,0.6649810366624526,outer_disk
UGC11820,13.14,4986.5151,positive,81.25,40.18765233252622,3.087534830247087,0.8305941845764855,edge
UGC11820,15.82,5591.085200000001,positive,84.45,39.25197192498741,3.6288845461785897,1.0,edge
UGC12506,0.82,10313.7756,positive,107.0,33.69309127996421,9.085230726189465,0.016403280656131225,core
UGC12506,2.46,18405.4135,positive,159.0,82.91915641153135,2.676922688704447,0.049209841968393675,core
UGC12506,4.1,25061.0727,positive,194.0,112.13798330628208,1.9929397683277263,0.08201640328065612,core
UGC12506,5.74,22587.782,positive,198.0,128.90390994845734,1.3593816595328732,0.11482296459291859,core
UGC12506,7.38,24577.2716,positive,211.0,141.22226594981402,1.2323308414087708,0.14762952590518102,core
UGC12506,9.02,24477.0055,positive,222.0,157.50236347433014,0.9866977436545162,0.18043608721744347,core
UGC12506,10.65,24265.281199999998,positive,230.0,169.21796240352265,0.8474077000539636,0.21304260852170434,inner_disk
UGC12506,12.29,26170.015500000005,positive,239.0,175.92891888487236,0.8455309555662117,0.24584916983396676,inner_disk
UGC12506,13.93,24510.7135,positive,237.0,177.92775640691926,0.7742274206786272,0.2786557311462292,inner_disk
UGC12506,15.57,24973.716700000004,positive,240.0,180.6274710557616,0.7654477977269329,0.3114622924584917,inner_disk
UGC12506,17.21,26733.130999999998,positive,245.0,182.46059574604047,0.8029927968297604,0.34426885377075417,inner_disk
UGC12506,18.85,29054.4419,positive,249.0,181.5118676560847,0.8818657721942736,0.3770754150830166,inner_disk
UGC12506,20.49,29637.2652,positive,248.0,178.5125620229568,0.9300377144381922,0.409881976395279,mid_disk
UGC12506,22.13,31728.7127,positive,250.0,175.417465778069,1.0311142459093674,0.44268853770754146,mid_disk
UGC12506,23.77,35572.3958,positive,255.0,171.61761040173005,1.2077843968717712,0.4754950990198039,mid_disk
UGC12506,25.41,31501.126999999997,positive,244.0,167.436175899953,1.123640795519209,0.5083016603320664,mid_disk
UGC12506,27.05,32566.750400000004,positive,244.0,164.22317010702233,1.2075512253036516,0.5411082216443288,mid_disk
UGC12506,28.68,35733.3835,positive,249.0,162.0728740412781,1.3603588091062622,0.5737147429485897,mid_disk
UGC12506,30.32,37309.875,positive,251.0,160.28451266419972,1.452247614691844,0.6065213042608522,outer_disk
UGC12506,31.96,36943.19350000001,positive,249.0,158.29657766357423,1.4743187317692803,0.6393278655731146,outer_disk
UGC12506,33.6,35525.5507,positive,244.0,154.95305514897083,1.4795870854445028,0.6721344268853771,outer_disk
UGC12506,35.24,34201.9375,positive,239.0,151.39043067512557,1.4922921694550115,0.7049409881976395,outer_disk
UGC12506,36.88,34462.57399999999,positive,238.0,148.93430095179554,1.5536681005089568,0.737747549509902,outer_disk
UGC12506,38.52,36217.5504,positive,241.0,147.86294194286816,1.656534127167197,0.7705541108221645,outer_disk
UGC12506,40.16,34599.0755,positive,237.0,146.86702999652442,1.6040424944463756,0.8033606721344267,edge
UGC12506,41.8,30866.7847,positive,228.0,145.3176358877339,1.4616882132181506,0.8361672334466892,edge
UGC12506,43.44,33390.127,positive,233.0,144.56442508445846,1.597699885539282,0.8689737947589518,edge
UGC12506,45.08,33123.2427,positive,233.0,145.48456034919994,1.5649448413546727,0.9017803560712142,edge
UGC12506,46.71,32810.895,positive,230.0,141.73603987694875,1.6332681321542193,0.9343868773754751,edge
UGC12506,48.35,30975.833400000003,positive,226.0,141.77505633925875,1.5410734655303808,0.9671934386877376,edge
UGC12506,49.99,30250.2755,positive,225.0,142.74005919853053,1.4846961734378297,1.0,edge
UGC12632,0.71,378.0391000000001,positive,24.1,14.239764745247726,1.8643656461553408,0.06660412757973733,core
UGC12632,1.42,723.6566,positive,33.6,20.13214841987809,1.7854688611050396,0.13320825515947465,core
UGC12632,2.14,1377.8669999999995,positive,44.8,25.08332115171354,2.1899652400850003,0.20075046904315197,inner_disk
UGC12632,2.85,2141.5596,positive,54.4,28.597209654090378,2.618682504924185,0.2673545966228893,inner_disk
UGC12632,3.55,2412.2088,positive,57.4,29.707763295138864,2.733222503125031,0.33302063789868663,inner_disk
UGC12632,4.26,2816.0771,positive,61.4,30.88499473854577,2.95222516306771,0.399624765478424,inner_disk
UGC12632,4.97,3014.9568,positive,63.8,32.48820093510873,2.85647066670507,0.46622889305816134,mid_disk
UGC12632,5.69,3177.3575,positive,65.5,33.3600434651995,2.8550444000655943,0.5337711069418387,mid_disk
UGC12632,6.4,3279.108799999999,positive,67.6,35.92563430198554,2.5406622641345695,0.600375234521576,outer_disk
UGC12632,7.11,3411.8915,positive,69.2,37.10456171416124,2.4782242363075024,0.6669793621013134,outer_disk
UGC12632,7.82,3420.959999999999,positive,70.3,39.001666631055656,2.2489596549933264,0.7335834896810507,outer_disk
UGC12632,8.52,3527.918300000001,positive,71.4,39.62375171535376,2.2470220376949226,0.799249530956848,outer_disk
UGC12632,9.25,3755.6710000000007,positive,73.2,40.03209962017981,2.3435315421676073,0.8677298311444652,edge
UGC12632,9.95,3664.5131,positive,73.0,40.798123731367845,2.2015872278718445,0.9333958724202626,edge
UGC12632,10.66,3642.528999999999,positive,73.1,41.24416322341866,2.1413025011742524,1.0,edge
UGC12732,0.96,738.7015000000001,positive,34.2,20.75905826380378,1.7141691911954955,0.06233766233766233,core
UGC12732,1.92,1478.53,positive,49.5,31.17242371070944,1.5215597085580204,0.12467532467532466,core
UGC12732,2.88,2480.544,positive,59.9,33.27861174989125,2.2398376112675242,0.187012987012987,core
UGC12732,3.84,2956.298,positive,65.3,36.16340691914964,2.26052613871319,0.24935064935064932,inner_disk
UGC12732,4.8,3538.8716,positive,69.8,36.51257865448564,2.654482059430751,0.3116883116883117,inner_disk
UGC12732,5.76,4026.9479,positive,73.8,37.67614762684741,2.836893491693262,0.374025974025974,inner_disk
UGC12732,6.72,4258.5856,positive,76.2,39.342780786314535,2.7512830664176167,0.43636363636363634,mid_disk
UGC12732,7.68,4825.5636,positive,79.3,38.24822087365633,3.298568950563747,0.49870129870129865,mid_disk
UGC12732,8.64,4937.367899999999,positive,80.3,38.86800869609865,3.2682171658175907,0.5610389610389611,mid_disk
UGC12732,9.6,5176.457600000001,positive,81.9,39.12994249931886,3.3807592242287576,0.6233766233766234,outer_disk
UGC12732,10.6,5488.4839,positive,84.0,39.59186911475638,3.501389172334498,0.6883116883116883,outer_disk
UGC12732,11.5,5633.847499999999,positive,85.6,41.15230856221799,3.3267233043747826,0.7467532467532467,outer_disk
UGC12732,12.5,5833.910000000001,positive,87.9,43.502873468312416,3.0826472919418757,0.8116883116883117,edge
UGC12732,13.4,6168.153899999999,positive,90.8,45.56847704279791,2.9704768551063254,0.8701298701298701,edge
UGC12732,14.4,6845.0739,positive,95.5,47.69880606472241,3.0085908075423267,0.935064935064935,edge
UGC12732,15.4,7201.9671,positive,98.0,49.010538662618266,2.9982799569481338,1.0,edge
UGCA281,0.09,31.684,positive,7.0,4.161249812255928,1.8297528297528303,0.08333333333333333,core
UGCA281,0.25,74.6832,positive,14.9,12.137825175870676,0.5069220264066009,0.23148148148148145,inner_disk
UGCA281,0.41,150.03830000000005,positive,21.1,17.18056169046868,0.5083085539704519,0.3796296296296296,inner_disk
UGCA281,0.58,307.2782000000001,positive,26.0,19.20213009017489,0.8333605444538407,0.537037037037037,mid_disk
UGCA281,0.74,359.07720000000006,positive,27.5,19.92919466511379,0.9040830590614465,0.6851851851851851,outer_disk
UGCA281,0.9,438.0515,positive,28.8,19.783541139037773,1.1192242490517734,0.8333333333333333,edge
UGCA281,1.08,492.4943,positive,29.5,19.4359383617051,1.3037375743105928,1.0,edge
UGCA442,0.42,155.07469999999998,positive,14.2,6.823877197019302,3.330263092903943,0.06635071090047392,core
UGCA442,1.26,529.5228,positive,28.6,16.983438992147615,1.8358339354285782,0.1990521327014218,core
UGCA442,2.11,1109.9175,positive,41.0,23.897332487120817,1.9435326769774945,0.3333333333333333,inner_disk
UGCA442,2.96,1721.7195,positive,49.0,26.06301018685294,2.534622295207944,0.4676145339652448,mid_disk
UGCA442,3.79,2324.534,positive,54.8,26.048147726853824,3.4259593872419702,0.5987361769352291,mid_disk
UGCA442,4.65,2572.2542,positive,56.4,24.671963845628504,4.225775735995944,0.7345971563981043,outer_disk
UGCA442,5.48,2845.0655,positive,57.8,22.265994251324148,5.738628146465783,0.8657187993680885,edge
UGCA442,6.33,2798.9031,positive,56.5,19.832975066792173,7.115609910742909,1.0,edge
UGCA444,0.12,36.71480000000001,positive,6.48,2.296867431960321,6.9593600727879315,0.045801526717557245,core
UGCA444,0.19,68.72149999999999,positive,8.6,2.2887769659798662,13.118545385129325,0.07251908396946564,core
UGCA444,0.26,93.3292,positive,10.2,3.2727358585745967,8.713560144900471,0.09923664122137404,core
UGCA444,0.33,118.9936,positive,11.7,4.2304136913545465,6.649024384792472,0.12595419847328243,core
UGCA444,0.4,135.12359999999998,positive,12.7,5.115310352266029,5.164011862541273,0.15267175572519084,core
UGCA444,0.47,161.32670000000002,positive,14.1,6.122360655825497,4.303962031091179,0.17938931297709923,core
UGCA444,0.55,199.9439,positive,16.0,7.487062174177533,3.5668535627701536,0.20992366412213742,inner_disk
UGCA444,0.62,250.47300000000007,positive,18.1,8.782767217682592,3.2471187627208735,0.23664122137404578,inner_disk
UGCA444,0.69,349.3614,positive,21.2,10.003929228058343,3.4908701760416316,0.2633587786259542,inner_disk
UGCA444,0.76,343.62790000000007,positive,21.6,11.087474915416944,2.7952658418753127,0.2900763358778626,inner_disk
UGCA444,0.83,391.5711,positive,23.3,12.301174740649772,2.587721031543317,0.31679389312977096,inner_disk
UGCA444,0.9,428.0755,positive,24.5,13.121528112228392,2.4862886199756646,0.3435114503816794,inner_disk
UGCA444,0.97,403.8583999999999,positive,24.4,13.838410313327175,2.108903528743363,0.37022900763358774,inner_disk
UGCA444,1.04,431.241,positive,25.3,14.451608906969495,2.0648458934445455,0.3969465648854962,inner_disk
UGCA444,1.11,420.9554999999999,positive,25.4,14.973459854021716,1.8775515210444031,0.4236641221374046,mid_disk
UGCA444,1.19,433.637,positive,25.9,15.400422072138154,1.8283573593958837,0.4541984732824427,mid_disk
UGCA444,1.26,469.1467,positive,26.7,15.612280422795385,1.9247573164062353,0.4809160305343511,mid_disk
UGCA444,1.33,484.0066000000001,positive,27.1,15.824139787046876,1.932907460521703,0.5076335877862596,mid_disk
UGCA444,1.4,563.7422,positive,28.6,15.94420898006546,2.217555969723599,0.5343511450381678,mid_disk
UGCA444,1.48,577.0442999999999,positive,28.9,16.067535591994186,2.2351702801727726,0.564885496183206,mid_disk
UGCA444,1.55,662.5274999999999,positive,30.4,16.175057959710685,2.5322828777005912,0.5916030534351145,mid_disk
UGCA444,1.62,680.4195000000002,positive,30.8,16.377438749694655,2.5367915576922724,0.6183206106870229,outer_disk
UGCA444,1.69,661.6143,positive,30.5,16.390109822694903,2.4628681146995732,0.6450381679389312,outer_disk
UGCA444,1.75,820.26,positive,33.0,16.393291310777098,3.052243804420631,0.6679389312977099,outer_disk
UGCA444,1.83,758.2379000000001,positive,32.1,16.497639225052776,2.785876656718305,0.6984732824427481,outer_disk
UGCA444,1.9,809.9219999999998,positive,32.9,16.5072105456979,2.9723217169196436,0.7251908396946565,outer_disk
UGCA444,1.97,896.9404000000001,positive,34.2,16.51361862221603,3.2891152022225185,0.7519083969465649,outer_disk
UGCA444,2.04,789.9543,positive,32.6,16.516830809813364,2.89566640286475,0.7786259541984732,outer_disk
UGCA444,2.11,859.5335000000002,positive,33.7,16.617957154837054,3.112486941281484,0.8053435114503816,edge
UGCA444,2.19,869.2078999999999,positive,33.8,16.52973381515867,3.181207112927067,0.8358778625954197,edge
UGCA444,2.26,944.6708,positive,34.9,16.532973114355446,3.4560385045394146,0.8625954198473281,edge
UGCA444,2.33,1029.5483,positive,36.1,16.54272347589719,3.7621205305674845,0.8893129770992366,edge
UGCA444,2.4,1122.206,positive,37.2,16.175104327329702,4.289220819924014,0.916030534351145,edge
UGCA444,2.48,1166.5371000000002,positive,37.6,15.72332344003646,4.71856409741978,0.9465648854961831,edge
UGCA444,2.55,1035.34,positive,35.6,15.232202729743324,4.4622877338160505,0.9732824427480915,edge
UGCA444,2.62,1248.6113999999998,positive,38.3,14.774254634329273,5.720264835856561,1.0,edge
